CustomerID,Recency,Frequency,Monetary,Cluster
16503,106,4,1431.9299999999998,0
17420,50,3,598.8299999999999,3
15727,16,7,5178.96,3
17389,0,34,31833.68,2
13285,23,4,2709.1199999999994,3
15447,330,1,155.17,0
13623,30,5,747.7800000000001,3
14450,180,3,483.25,0
14570,280,2,218.05999999999997,0
16339,284,1,109.95000000000002,0
16386,28,2,317.2,3
16861,59,2,173.76,3
18024,152,2,389.78000000000003,0
17679,52,2,1992.1100000000006,3
12940,54,2,913.5400000000002,3
16574,71,1,451.43999999999977,3
15957,31,1,428.88999999999993,3
15619,10,1,336.40000000000003,3
15790,10,1,220.84999999999997,3
13832,19,1,52.199999999999996,3
12471,2,30,19824.05,3
15100,333,3,876.0,0
16916,23,2,576.2599999999999,3
16500,4,6,400.86,3
18161,15,5,1618.69,3
12626,23,9,6620.48,3
14465,246,3,1058.62,0
14514,61,3,1055.35,3
15967,23,2,418.83000000000004,3
14536,259,1,171.8,0
18218,211,2,662.08,0
13261,268,2,944.1,0
14075,4,3,942.26,3
14423,218,1,265.2,0
14148,233,1,157.2,0
18282,7,2,178.05,3
15004,147,1,1246.3199999999995,0
15254,127,1,300.36000000000007,0
12715,106,1,353.85999999999996,0
17172,78,1,317.76,3
12367,4,1,168.9,3
12611,52,1,1193.32,3
15738,18,16,4812.42,3
17809,16,12,5411.910000000001,3
16791,29,7,1721.7799999999993,3
12393,72,4,1582.6000000000001,3
13875,53,5,1786.79,3
15296,50,6,3672.8599999999997,3
14289,8,6,911.26,3
17708,187,2,267.08,0
14377,191,2,617.05,0
17754,0,5,1772.26,3
13060,253,1,307.53000000000003,0
17775,254,1,56.4,0
17783,72,2,283.47,3
13601,45,2,693.3199999999999,3
15655,243,1,560.67,0
14837,89,4,1649.5,3
16283,5,5,1570.8099999999995,3
18221,22,5,1041.61,3
17837,42,8,1593.3799999999999,3
14997,46,3,546.2,3
13207,15,2,250.26000000000005,3
16924,21,3,846.7500000000001,3
14420,99,1,387.52,0
13483,65,1,140.34000000000003,3
16680,43,1,183.70000000000002,3
14714,24,1,160.19,3
17044,25,1,948.48,3
18043,24,3,559.51,3
17223,310,2,426.78999999999996,0
13898,325,1,155.93,0
15382,14,6,5955.709999999999,3
16224,57,4,1295.2999999999997,3
14315,44,6,2481.1299999999997,3
14958,147,3,499.67999999999995,0
13508,243,1,110.97,0
17193,35,7,1699.3000000000002,3
16828,93,2,128.5,0
15604,52,1,216.39000000000001,3
17712,44,1,522.91,3
13188,11,1,114.60000000000001,3
14713,9,11,2666.36,3
13225,3,7,6463.84,3
16565,364,1,173.7,0
13329,31,2,788.9999999999999,3
17950,72,3,482.20000000000005,3
14779,280,3,386.15,0
14944,29,12,5900.25,3
15535,173,4,536.4,0
14770,232,2,876.4200000000001,0
15292,201,1,180.93999999999997,0
17190,58,2,444.74,3
16232,43,4,990.88,3
16094,11,4,1078.23,3
13398,192,1,457.3400000000001,0
16706,37,3,531.3500000000001,3
14660,86,2,285.74,0
16999,23,2,484.82,3
15429,26,2,397.35,3
13504,64,1,295.93,3
17154,75,1,329.34000000000003,3
12607,60,1,1579.51,3
15740,49,1,154.88000000000002,3
13923,53,1,351.13000000000005,3
17836,47,1,110.21,3
14752,43,1,389.63999999999993,3
16117,189,1,232.21,0
15070,372,1,106.2,0
17346,3,15,2676.5600000000004,3
16549,10,10,4154.64,3
13468,1,37,5704.97,3
16510,372,1,248.10000000000002,0
15221,366,1,403.25,0
16985,17,10,5464.12,3
16027,91,6,934.62,3
15146,164,2,1327.1600000000005,0
15026,80,3,469.0,3
17438,253,1,388.45000000000005,0
15594,15,5,1771.7799999999997,3
16526,171,1,290.35999999999996,0
12694,70,2,869.6699999999998,3
15462,94,3,234.60000000000002,0
13500,23,3,1166.77,3
14124,84,1,419.58000000000004,0
16295,9,4,1328.5499999999997,3
14054,65,1,92.46,3
16119,8,2,423.36,3
16506,19,2,90.30000000000001,3
15983,22,4,1475.02,3
17677,1,30,16363.230000000003,3
14030,18,8,2360.09,3
16255,16,8,2619.91,3
15827,73,14,1836.0900000000001,3
17213,40,7,2781.2300000000005,3
13313,22,5,1555.32,3
12530,59,4,1662.2800000000002,3
14477,19,4,1309.6,3
17613,22,14,4559.15,3
15781,25,3,345.46000000000004,3
14245,219,2,1693.4499999999998,0
12717,151,2,1030.98,0
13544,39,2,291.4100000000001,3
15584,23,4,725.1099999999999,3
16257,176,1,46.95,0
14284,30,2,595.25,3
15216,87,1,96.6,0
16601,40,1,244.79999999999995,3
16505,31,1,777.6,3
17904,21,1,191.66999999999993,3
15157,3,3,1936.07,3
14532,236,4,932.8499999999999,0
17396,39,8,7330.8,3
17392,306,2,457.91,0
16954,0,9,2085.08,3
17924,11,7,2962.5000000000005,3
16835,128,2,180.85,0
12727,10,7,3980.7000000000007,3
14760,297,1,89.2,0
12559,310,2,561.7099999999999,0
16766,273,2,1145.6,0
17462,60,2,675.69,3
12757,15,13,7857.0999999999985,3
16947,235,1,406.48000000000013,0
12723,3,5,725.0699999999999,3
15348,72,1,158.03999999999996,3
15634,17,1,243.55,3
17502,9,4,689.1000000000001,3
16800,11,1,1201.4900000000002,3
18174,7,1,104.0,3
15973,366,1,307.82,0
17969,166,2,228.2,0
14437,365,1,63.0,0
15164,68,3,843.0499999999998,3
17525,359,1,422.70000000000005,0
12401,303,1,84.3,0
15270,15,7,2379.49,3
12523,19,11,1789.77,3
16317,119,3,1341.65,0
17774,96,4,1225.41,3
17972,241,1,136.04,0
17926,133,2,397.29,0
17265,138,2,562.8999999999999,0
12436,99,1,509.01000000000005,0
15091,67,1,480.71,3
16648,42,1,290.65999999999997,3
18014,28,1,166.42000000000002,3
15904,8,1,164.67999999999998,3
14085,2,18,4448.539999999999,3
15658,190,5,1024.1000000000001,0
17430,32,2,265.76,3
13494,311,1,316.26,0
13046,30,2,629.31,3
17639,276,1,108.5,0
13516,21,3,1389.4099999999999,3
15491,95,6,3100.0899999999997,3
13003,105,3,149.05,0
16813,8,10,1692.9799999999998,3
14658,5,2,247.15,3
17554,1,5,1952.4499999999998,3
13967,145,1,80.7,0
17253,18,1,178.26,3
15093,18,6,4597.02,3
14589,371,1,39.75,0
15497,17,2,1262.2,3
16738,297,1,3.75,0
16913,290,1,113.44000000000001,0
13751,288,1,296.24999999999994,0
13720,116,4,799.9000000000001,0
17388,77,4,1259.5600000000002,3
16801,163,4,1619.73,0
14064,29,5,1353.74,3
17588,100,3,1240.2,0
13994,3,6,2313.14,3
14332,22,3,866.31,3
12384,28,2,585.27,3
16968,4,2,439.43000000000006,3
14801,61,1,193.1399999999999,3
15557,28,1,473.65,3
16274,373,1,357.94999999999993,0
16125,367,1,289.35,0
12494,15,7,1246.1,3
18085,330,2,689.95,0
13368,256,2,623.4,0
12755,280,2,3811.95,0
12782,4,5,2330.92,3
15716,145,4,1118.81,0
14715,24,4,867.3799999999999,3
14935,297,1,1784.7099999999998,0
12854,78,3,1324.5,3
17508,280,1,387.31,0
16721,262,1,292.46999999999997,0
14336,16,4,1614.9099999999999,3
12355,214,1,459.4,0
18193,165,1,243.76000000000005,0
12837,173,1,134.1,0
15850,19,2,238.85000000000008,3
17347,86,1,228.96,0
12566,86,1,351.65000000000003,0
18105,37,1,113.48000000000002,3
18030,4,2,230.64999999999998,3
13066,24,2,470.80000000000007,3
15637,52,1,223.36,3
13594,52,1,396.96999999999997,3
17397,22,2,696.4099999999999,3
13170,26,1,116.01000000000002,3
16532,17,3,6748.8,3
17001,0,11,3989.5699999999997,3
14044,26,4,652.82,3
14410,92,9,1105.07,3
14101,73,6,5976.789999999999,3
14501,183,2,251.21,0
13782,12,6,912.0,3
12362,3,10,5226.2300000000005,3
13220,78,4,819.29,3
15130,169,1,330.11,0
13745,162,1,300.03999999999996,0
16671,28,3,1692.27,3
15116,17,4,1352.75,3
17353,129,2,1740.0,0
16189,15,2,215.48,3
16930,26,3,380.5500000000001,3
13960,21,2,230.22,3
15844,46,1,130.74,3
14703,14,1,318.1699999999999,3
14180,10,25,4748.52,3
17059,29,5,3095.04,3
14525,19,9,4332.200000000001,3
16244,211,2,1522.7499999999995,0
18071,257,2,453.0,0
13027,113,6,6912.0,3
14555,57,2,324.14000000000004,3
13904,37,2,332.63999999999993,3
17678,263,1,298.10999999999996,0
12447,243,1,476.49,0
15840,58,2,355.56,3
13109,59,2,786.5400000000001,3
15253,16,5,918.2,3
15795,149,1,610.0100000000001,0
13726,38,2,1079.6599999999999,3
17647,65,1,133.06,3
15398,16,2,1345.53,3
18240,46,1,422.58000000000004,3
14554,10,4,2381.04,3
17297,17,1,131.78000000000006,3
15060,8,4,303.09,3
14733,16,12,9585.91,3
16455,63,7,1841.18,3
16265,9,9,5447.0,3
17890,322,2,602.09,0
16839,8,34,16594.35,3
15503,362,1,147.09000000000003,0
14776,51,11,2538.2999999999993,3
17147,22,4,1714.59,3
14367,8,16,9261.520000000002,3
14056,1,23,8214.650000000001,3
15234,276,1,197.0,0
17955,198,4,557.3,0
14117,143,1,90.0,0
13045,99,1,305.28,0
14687,106,1,628.3799999999999,0
18278,73,1,173.89999999999998,3
14642,58,1,96.12,3
17081,25,2,290.15999999999997,3
15096,42,1,219.39,3
16366,18,1,327.3,3
15923,372,1,127.08000000000003,0
12913,4,5,2483.63,3
13104,3,6,1098.48,3
12373,311,1,364.6,0
13873,119,3,389.6,0
16043,37,4,773.99,3
13166,283,1,417.19999999999993,0
12948,16,7,2064.95,3
15733,282,1,162.3,0
17542,269,1,170.75,0
14647,201,1,243.21999999999994,0
14177,86,4,559.4100000000001,3
12548,166,1,95.19999999999999,0
12453,134,1,707.0899999999999,0
12885,63,3,1175.2200000000003,3
16053,32,2,1511.9499999999996,3
15105,18,7,2298.93,3
14141,2,4,915.1300000000001,3
16684,4,28,66653.56,2
15260,100,7,1810.77,3
15062,71,4,987.8599999999999,3
15332,366,4,1661.06,0
18113,368,1,76.32000000000001,0
15024,9,10,1661.33,3
14419,10,6,1058.06,3
14496,311,2,538.81,0
12725,371,1,427.79999999999995,0
17463,16,5,1896.4099999999999,3
15262,323,1,178.95000000000002,0
13139,16,7,5064.9400000000005,3
15855,136,5,712.24,0
16175,94,4,1037.59,3
13052,212,1,348.15000000000003,0
15219,176,1,305.75,0
16774,67,4,661.52,3
18248,122,2,804.02,0
16012,35,3,1415.29,3
17070,114,1,312.13999999999993,0
17148,51,1,124.88,3
15531,8,2,2007.4400000000003,3
15426,19,5,1447.3899999999999,3
13523,33,5,3964.8799999999997,3
16326,5,14,3110.9599999999996,3
16553,163,12,5719.820000000001,0
12868,185,6,1607.06,0
16885,15,3,471.51,3
14062,9,12,10464.850000000002,3
12705,15,9,6868.289999999999,3
15370,40,7,2386.05,3
13301,103,4,618.0899999999999,0
12582,238,2,511.3599999999999,0
13946,79,3,561.5699999999999,3
15071,93,2,982.0699999999998,0
15132,18,5,977.9300000000001,3
12597,19,4,3811.2200000000016,3
16834,227,1,413.46000000000004,0
15073,9,3,1043.41,3
17709,169,1,137.45,0
16178,138,1,197.90000000000003,0
12865,26,2,1568.2299999999996,3
17637,31,2,547.0599999999998,3
18147,45,2,179.34,3
15263,106,1,156.50999999999996,0
18096,11,3,911.1499999999994,3
17737,9,2,168.24,3
17244,53,1,954.8999999999997,3
13081,11,11,28337.37999999999,3
15841,72,4,1224.06,3
12601,189,5,577.0600000000001,0
14644,67,2,830.7600000000001,3
15906,19,7,1567.6899999999998,3
16078,283,1,79.2,0
17312,138,3,644.3,0
14720,5,3,663.81,3
17584,7,2,1242.2999999999997,3
17053,130,1,498.47999999999996,0
13416,43,2,712.5,3
17014,8,3,586.33,3
16056,45,1,664.85,3
13040,8,2,676.99,3
16015,3,3,705.3900000000003,3
17549,23,2,148.85999999999999,3
14140,3,2,935.0499999999998,3
16352,17,2,494.44000000000005,3
16000,2,3,12393.7,3
13497,282,2,348.05,0
16150,42,5,2053.0200000000004,3
14961,10,9,7044.68,3
15485,30,3,2575.0,3
17496,358,1,271.04999999999995,0
13838,5,4,691.73,3
15203,25,6,1827.8000000000002,3
13038,80,3,908.46,3
16571,26,3,1421.69,3
15918,190,2,334.22999999999996,0
15599,26,2,761.74,3
13524,40,5,680.1800000000001,3
16266,73,7,861.89,3
16338,157,1,214.80000000000004,0
16969,39,3,650.4099999999999,3
15051,23,3,1391.6100000000001,3
17573,29,3,380.59999999999997,3
16243,33,2,409.0999999999999,3
17813,14,5,1770.88,3
13347,70,1,341.36,3
17895,44,1,97.99999999999997,3
17985,22,1,634.9499999999999,3
13992,30,1,76.8,3
12893,30,1,188.14,3
12662,0,11,3849.7800000000007,3
15563,22,4,1400.4400000000003,3
15363,372,1,326.0,0
12731,23,12,18895.91,3
12951,8,6,1064.0700000000002,3
17071,28,9,2429.0299999999997,3
16431,213,3,642.81,0
15083,256,1,88.19999999999999,0
17928,45,2,212.54000000000002,3
15440,54,3,383.68000000000006,3
14888,207,1,369.2,0
15405,189,1,349.1,0
14808,39,8,2741.169999999999,3
14287,8,3,176.63,3
14375,185,1,257.67999999999995,0
13730,135,2,752.6000000000001,0
15920,154,4,167.5,0
14096,4,17,65164.79000000009,2
14333,67,1,415.2,3
16413,56,1,262.20000000000005,3
15345,45,1,393.54,3
17793,25,1,323.03999999999996,3
12504,18,2,482.04999999999995,3
12659,29,1,91.68,3
15454,362,1,179.10000000000002,0
17097,2,8,954.4200000000003,3
15224,358,2,322.08,0
14871,3,4,522.3800000000001,3
12347,2,7,4310.0,3
17811,4,39,7837.730000000002,3
13477,37,6,1454.58,3
16303,25,3,5360.630000000001,3
14439,319,1,2661.24,0
13811,183,3,814.5,0
18170,33,3,980.3099999999998,3
17029,110,2,716.0,0
17423,46,2,698.4100000000001,3
15108,141,4,1300.25,0
17345,15,4,537.74,3
15267,22,5,1717.36,3
13372,89,1,378.64,0
13685,2,7,3119.4400000000005,3
18088,61,1,167.66999999999996,3
16240,24,2,3718.8000000000006,3
17545,43,3,645.9599999999998,3
14345,38,1,108.97999999999999,3
12882,9,2,1463.04,3
18209,28,1,139.10000000000002,3
17259,148,2,603.37,0
12709,15,15,9736.52,3
14565,95,4,3099.12,3
16134,21,2,618.0899999999999,3
14813,369,2,155.43,0
13426,0,10,3641.32,3
13584,306,1,142.40000000000003,0
15938,112,5,404.58000000000004,0
15636,89,2,724.76,0
16698,226,2,1998.0,0
17966,37,5,1098.4299999999998,3
14292,7,9,4871.929999999999,3
14128,60,2,637.5,3
14193,67,2,853.3899999999999,3
16383,74,2,668.3600000000001,3
12509,284,1,176.5,0
16370,82,4,1320.5599999999995,3
15909,173,1,191.93999999999997,0
16114,170,1,135.75000000000003,0
17331,123,1,175.2,0
15895,149,1,179.17,0
13644,16,4,2624.2600000000007,3
12895,42,2,372.79999999999995,3
13422,64,1,2626.3000000000006,3
16921,61,1,169.79000000000005,3
17603,78,1,394.72,3
12841,4,25,4022.3500000000004,3
16048,373,2,256.44000000000005,0
18075,23,10,2611.75,3
14462,66,11,2004.02,3
15111,29,3,1567.48,3
18050,359,1,74.4,0
12429,9,4,3750.4,3
17504,206,9,2997.03,0
12873,282,1,374.0,0
17883,3,4,671.77,3
16131,51,6,3506.54,3
14105,239,1,1266.2300000000002,0
17536,177,1,76.5,0
17984,145,1,152.68000000000006,0
14317,64,1,508.58,3
18053,70,1,300.02000000000004,3
14102,5,5,1360.2799999999997,3
13694,3,50,65039.62,2
17685,16,7,3191.53,3
12652,331,1,919.9799999999998,0
15696,33,8,2736.46,3
14587,18,9,1601.1399999999999,3
12935,2,7,2160.6999999999994,3
16515,52,5,1627.1299999999997,3
12881,275,1,298.0,0
15974,39,7,3442.1499999999996,3
16253,66,2,3683.8600000000006,3
14036,284,1,626.6499999999999,0
16242,8,7,3603.209999999999,3
13101,234,1,101.18999999999998,0
16076,3,10,2234.7299999999996,3
14523,108,1,241.09000000000003,0
14830,53,1,197.13,3
15516,44,3,62.43,3
16491,46,1,731.5,3
15667,39,1,301.32000000000005,3
17566,8,2,901.2099999999998,3
17400,126,5,2129.959999999999,0
17706,4,17,10504.49,3
13117,21,8,984.91,3
17869,107,5,428.18000000000006,0
16316,64,8,2938.9100000000003,3
16401,1,12,4098.32,3
16948,138,3,435.02000000000004,0
15228,66,4,3386.71,3
14669,241,3,1269.9899999999998,0
18036,32,3,405.62,3
15815,63,5,2100.6,3
17486,261,1,396.87000000000006,0
16693,68,2,482.01,3
12564,261,1,456.9000000000001,0
16769,260,1,380.3899999999999,0
16230,189,2,542.03,0
17386,7,6,2686.4200000000005,3
15386,186,1,394.14000000000004,0
15152,9,13,4745.690000000001,3
12722,85,4,997.6299999999999,3
16201,3,4,1863.47,3
12536,43,3,12601.830000000005,3
15593,70,1,199.8,3
17503,2,2,558.96,3
15856,4,27,16387.570000000003,3
12489,336,1,334.92999999999995,0
18062,173,3,720.5200000000001,0
15940,311,1,35.8,0
14041,266,1,141.41,0
16159,281,1,348.2000000000001,0
16057,16,7,2263.12,3
16475,88,4,544.3,3
13781,250,1,127.84000000000002,0
16469,23,4,650.4300000000001,3
17974,24,3,740.79,3
16483,192,1,139.35000000000002,0
16682,4,5,1027.9999999999998,3
13248,124,2,465.67999999999995,0
16984,88,2,4481.349999999998,3
13431,67,2,1269.1,3
14598,44,1,221.97000000000003,3
14860,19,1,170.32000000000002,3
15540,11,1,213.30000000000004,3
15922,373,1,369.50000000000006,0
15950,31,4,1765.5099999999998,3
15570,7,12,4165.52,3
12708,29,10,2712.9100000000003,3
13488,17,13,8968.31,3
16148,296,1,76.32000000000001,0
16394,56,5,1555.3400000000001,3
15053,4,3,697.79,3
14513,100,3,455.59000000000003,0
17204,175,4,1564.5600000000002,0
15543,288,1,127.85999999999999,0
18129,243,1,112.55,0
13122,94,2,922.3900000000002,0
14351,164,1,51.0,0
15438,131,1,156.57999999999998,0
14824,10,4,1127.71,3
13297,7,4,2089.8500000000004,3
14904,2,2,1025.44,3
14606,1,93,12156.649999999996,2
17692,127,4,740.94,0
16470,51,4,762.3900000000001,3
14032,2,11,2975.5899999999997,3
14608,4,4,1785.15,3
17720,26,4,1195.9399999999998,3
16073,297,1,122.39999999999999,0
12744,51,7,21279.289999999997,3
16609,15,7,5493.459999999999,3
13344,67,3,2543.7200000000003,3
12639,238,1,486.1,0
14364,108,8,3717.35,3
16348,32,7,1469.4500000000003,3
17715,200,1,326.4,0
13589,14,2,379.65,3
14327,163,1,311.65000000000003,0
18169,60,1,202.65000000000003,3
17852,11,2,114.34,3
12713,0,1,848.5499999999998,3
16145,8,11,3799.49,3
17585,109,4,1133.07,0
16473,164,3,316.11,0
17019,11,4,1272.6100000000001,3
13098,1,28,28882.439999999995,3
17730,3,13,5298.48,3
15835,44,4,954.0899999999999,3
17094,322,1,301.99999999999994,0
14422,0,6,4263.640000000001,3
13975,31,6,2526.2799999999997,3
14507,23,6,1383.1800000000003,3
13988,19,6,4147.96,3
18191,261,1,207.79999999999998,0
14870,261,1,327.24999999999994,0
15364,95,2,913.1900000000002,0
15452,29,3,538.7299999999999,3
16323,196,1,207.50000000000003,0
12535,91,2,716.3500000000001,0
15925,194,1,207.15,0
12965,89,1,771.9099999999996,0
17466,10,2,763.28,3
16561,5,2,511.12,3
18102,0,60,259657.30000000005,1
15882,198,4,516.3599999999999,0
14415,1,13,5900.280000000001,3
15532,25,4,1580.9299999999996,3
14775,58,3,1011.9000000000001,3
14051,0,23,15610.390000000001,3
17819,71,7,3704.8700000000003,3
12797,365,1,254.03,0
16928,80,17,2847.6,3
12712,28,13,4396.13,3
12980,157,9,7374.900000000001,0
13295,359,1,201.2,0
16775,10,11,1695.66,3
14035,28,5,1428.02,3
14112,22,7,2915.15,3
13132,261,1,77.3,0
17176,201,1,306.13,0
17871,204,1,155.89999999999998,0
17444,147,3,2940.04,0
18252,50,2,526.6699999999997,3
17242,108,2,1135.04,0
12962,7,2,266.39000000000004,3
13228,81,1,358.0,3
17805,73,1,512.31,3
17785,53,1,131.94000000000003,3
16191,2,13,5180.5199999999995,3
15689,119,2,254.1,0
17018,40,2,920.1,3
13439,255,1,283.71,0
16657,9,4,933.6200000000001,3
17946,233,2,149.57999999999998,0
16917,276,1,391.5200000000001,0
17817,4,3,387.67999999999995,3
15206,10,4,420.29999999999995,3
12888,214,2,354.12,0
12937,15,4,1504.2699999999995,3
14013,110,3,473.02,0
12910,23,8,3075.0400000000004,3
16637,32,4,1154.4699999999998,3
15700,172,2,696.6799999999996,0
14453,190,1,119.93000000000002,0
15163,18,2,304.47,3
13517,59,3,2128.42,3
15829,99,2,636.1400000000001,0
16292,121,1,302.25,0
16952,109,2,167.61,0
14436,98,1,89.06,0
16934,54,2,950.9299999999998,3
17447,40,2,541.53,3
16688,1,4,1260.8600000000001,3
15330,32,2,714.96,3
14474,46,1,547.6600000000001,3
14139,46,1,415.81999999999994,3
16732,31,1,603.7499999999998,3
16204,23,1,405.71000000000004,3
15061,3,48,54534.14,2
12921,9,37,16587.090000000004,3
13983,29,12,2603.43,3
15046,9,15,5213.77,3
13000,106,3,534.85,0
18259,24,3,2338.6000000000004,3
17861,3,8,2100.8,3
15549,77,3,1693.2599999999998,3
13549,25,7,918.1999999999999,3
17101,10,4,1621.73,3
12589,28,2,646.68,3
15958,74,1,104.35,3
16516,30,1,101.7,3
15097,4,1,248.07999999999996,3
13034,54,2,642.7700000000001,3
13531,205,2,483.80000000000007,0
16168,10,27,3787.600000000001,3
14828,196,3,2139.76,0
15894,253,2,263.54999999999995,0
15719,32,13,5045.609999999999,3
14534,2,18,4447.05,3
13993,42,9,3466.36,3
15518,64,8,1942.4499999999998,3
14088,10,13,50491.81000000001,3
17619,312,1,218.52000000000004,0
14730,1,8,2005.0599999999995,3
16389,53,4,1382.0700000000002,3
18173,86,4,2106.84,3
15388,270,1,140.54,0
14538,64,2,388.24999999999994,3
16055,220,1,134.8,0
17187,226,1,203.95,0
12749,3,5,4090.880000000001,3
15014,43,2,260.16999999999996,3
13895,28,4,2593.0699999999997,3
13575,23,5,732.0699999999999,3
15942,133,1,337.43999999999994,0
13236,24,2,744.8499999999999,3
18059,23,3,306.46000000000004,3
17119,3,2,606.91,3
14975,57,1,279.94,3
17295,28,3,556.9499999999999,3
12558,7,1,269.96000000000004,3
15034,15,8,4308.61,3
14210,105,6,1905.84,3
15159,1,30,18641.010000000006,3
12875,143,2,343.2300000000001,0
12583,2,15,7281.380000000001,3
17033,86,3,1030.1399999999999,3
17739,11,7,2791.3500000000004,3
17519,17,6,1844.02,3
15199,59,4,1268.7,3
14040,40,12,3614.92,3
16882,66,3,705.1199999999999,3
18145,12,4,2861.55,3
18068,289,1,101.69999999999999,0
16419,112,6,972.2300000000001,0
12857,210,2,1106.4,0
14257,64,5,3099.7200000000003,3
12462,18,2,1189.59,3
17886,31,3,899.61,3
12580,246,1,415.7,0
14656,169,2,291.05000000000007,0
15865,40,3,895.1299999999999,3
14154,239,2,1345.62,0
13229,225,1,160.95,0
15252,36,2,740.78,3
12556,50,2,603.7099999999998,3
12519,63,1,340.84,3
13279,78,1,137.75,3
13318,1,3,640.76,3
17350,8,4,1286.07,3
18084,16,1,90.47999999999999,3
17885,12,1,190.18999999999997,3
16024,12,1,251.23999999999992,3
18041,11,21,4183.39,3
17377,23,20,4100.92,3
15347,366,1,201.59999999999997,0
17771,56,2,245.81,3
13015,53,5,3346.2799999999993,3
14291,1,11,3883.25,3
17049,2,9,5659.9800000000005,3
14077,40,5,499.41999999999996,3
14407,107,6,2157.73,0
13357,257,1,609.9500000000002,0
13339,200,1,860.1200000000002,0
16038,7,3,471.78,3
15508,189,6,1000.27,0
17263,208,1,63.440000000000005,0
15333,208,1,1028.56,0
18133,212,1,931.4999999999999,0
14862,25,2,841.2,3
14089,56,1,161.0,3
14861,52,1,125.79000000000002,3
14638,50,1,443.6,3
16558,0,20,8338.49,3
13267,2,19,4521.49,3
15806,46,3,784.5799999999999,3
14988,211,1,334.54,0
17702,30,4,1824.37,3
15027,30,4,1066.1499999999999,3
12770,210,1,1351.4499999999998,0
16942,12,9,1920.59,3
14591,15,4,1447.1399999999999,3
17531,190,1,296.70000000000005,0
13643,31,3,519.44,3
12750,128,1,275.88,0
12526,0,3,1316.6599999999999,3
16685,61,2,324.24,3
16533,19,3,1095.56,3
14488,67,1,1064.2800000000002,3
16754,372,1,2002.4,0
12431,35,15,6487.450000000001,3
13552,66,12,3740.0700000000006,3
13489,105,4,449.52000000000004,0
17859,304,1,148.21,0
14297,17,4,1305.33,3
17325,280,1,96.8,0
14214,30,5,1004.3799999999999,3
15223,225,2,755.75,0
14681,71,3,498.95,3
14853,24,2,475.8,3
12432,42,5,5059.32,3
15506,22,3,979.2599999999999,3
15746,134,1,196.87999999999997,0
15701,2,4,1542.14,3
12513,112,1,612.2900000000001,0
15276,66,1,135.31000000000003,3
15050,25,3,1782.0900000000001,3
17382,65,1,65.4,3
18123,24,2,589.4399999999999,3
16932,53,1,161.94,3
14404,33,6,1474.32,3
14113,3,4,1840.42,3
15984,2,10,2837.67,3
15811,22,6,2218.6200000000003,3
17618,5,3,971.5799999999999,3
17135,16,7,1139.73,3
14618,9,3,553.44,3
12421,15,4,807.0400000000001,3
13859,326,1,201.16,0
15365,25,7,2314.3199999999997,3
15339,66,2,574.0699999999999,3
16573,84,2,663.6099999999999,3
15393,16,2,231.86,3
15245,134,3,2515.84,0
14852,58,6,2836.69,3
17398,114,3,653.3800000000001,0
17171,289,1,224.90999999999997,0
15582,24,3,682.9100000000001,3
13655,114,2,932.97,0
14132,2,11,3586.0299999999997,3
12473,29,5,3938.55,3
16369,18,3,1553.66,3
15186,14,2,411.40999999999997,3
14451,60,2,662.5899999999999,3
15504,81,1,52.83000000000001,0
16400,94,1,303.93,0
16429,106,1,284.55,0
16591,68,1,213.5,3
16052,54,1,362.06000000000006,3
15435,22,1,149.29000000000005,3
12349,18,1,1757.55,3
14785,10,2,77.4,3
14354,5,2,163.62,3
14954,12,1,336.16999999999985,3
18015,4,1,120.03,3
16411,19,2,214.65,3
13093,275,8,7832.469999999999,0
17967,371,1,123.07000000000002,0
15987,12,7,1451.28,3
13951,176,3,674.4499999999999,0
13085,157,2,416.08000000000004,0
14540,9,3,996.26,3
13717,32,6,1445.01,3
16949,3,6,1286.2700000000002,3
17589,60,4,2404.17,3
14628,91,2,671.96,0
15747,12,3,974.0400000000002,3
17453,17,2,486.71999999999997,3
16104,61,1,302.36,3
16971,38,1,357.20999999999987,3
12391,21,1,460.88999999999993,3
14804,8,1,353.2699999999999,3
17551,359,1,306.84,0
14978,72,5,1931.4199999999994,3
16871,22,6,2812.3399999999997,3
14676,31,6,2548.2400000000002,3
14903,21,5,2810.63,3
17556,205,1,157.9,0
18143,116,2,1000.1599999999999,0
15801,46,3,1063.9499999999998,3
12667,58,1,620.13,3
15766,64,1,315.05999999999995,3
13351,66,1,373.94,3
14757,75,1,420.5,3
16595,61,1,360.1600000000003,3
16236,78,1,432.19999999999993,3
16887,35,1,194.88,3
13868,7,2,3192.54,3
17623,32,1,527.05,3
16311,17,2,616.26,3
13521,1,3,1093.6499999999996,3
15471,2,1,469.47999999999985,3
15602,8,9,1297.87,3
15002,115,4,1641.7600000000002,0
12791,373,1,192.60000000000002,0
17744,3,6,2322.4,3
13397,72,5,1544.13,3
15628,4,9,2870.24,3
15208,1,5,870.1199999999999,3
12474,17,18,7375.790000000001,3
13168,36,4,1319.1899999999998,3
15648,204,2,657.3499999999999,0
12834,282,1,312.38,0
12994,4,3,974.4200000000001,3
13249,92,3,711.4100000000001,0
16960,38,3,507.05000000000007,3
15237,1,4,1412.3200000000004,3
16610,219,1,75.66,0
17268,107,4,763.64,0
16006,211,1,101.39999999999999,0
18227,217,1,93.75,0
12704,7,8,2340.84,3
17155,17,2,251.7,3
17124,185,1,298.89000000000004,0
12828,2,6,1018.71,3
17267,127,2,317.61999999999995,0
13106,133,1,76.5,0
13518,85,1,659.4399999999998,0
14020,16,2,642.8,3
13689,63,1,910.0,3
12631,57,1,640.5000000000002,3
14349,10,1,133.50000000000006,3
15465,19,18,7354.620000000001,3
17179,178,3,711.79,0
17457,126,5,1737.7,0
14841,53,6,3295.7599999999998,3
15304,60,8,694.4,3
15059,40,9,1337.7200000000003,3
14600,305,1,393.3299999999999,0
12414,217,3,562.4100000000001,0
15764,88,6,3279.97,3
12408,32,5,2888.55,3
16967,189,1,319.0199999999999,0
17866,142,1,329.65,0
13878,54,1,1281.53,3
15621,4,4,1293.03,3
15587,50,4,913.6800000000001,3
17790,26,14,1965.5500000000002,3
16458,2,18,3482.74,3
17238,2,17,3744.6499999999996,3
15544,9,9,3546.7099999999996,3
18171,58,5,1231.31,3
14470,11,2,461.18999999999994,3
13743,2,7,1341.6000000000001,3
16668,15,6,306.71999999999997,3
14195,201,2,1011.9999999999999,0
17874,185,6,683.4600000000002,0
14205,16,2,466.70000000000005,3
14350,274,1,282.92999999999995,0
13316,37,4,5977.73,3
12565,288,1,145.92,0
14998,170,2,429.87,0
18018,108,2,122.13999999999999,0
14972,128,1,114.77000000000002,0
18215,89,1,299.34000000000003,0
13356,80,1,768.2400000000001,3
16372,33,2,367.9299999999999,3
17205,53,1,384.08,3
15725,15,1,415.2500000000001,3
13596,5,2,697.0399999999998,3
17596,23,7,2827.93,3
18118,10,26,5653.82,3
17682,10,6,2474.33,3
12853,134,6,1957.1000000000001,0
13571,12,12,2092.3199999999997,3
15724,201,2,218.25,0
13226,273,1,108.21000000000001,0
13887,204,1,349.54999999999995,0
16965,226,1,201.19,0
15704,140,4,2293.62,0
15537,163,1,110.92000000000003,0
15076,172,1,880.8500000000004,0
14847,148,1,309.4,0
14079,124,1,375.09999999999997,0
13470,99,2,165.0,0
17433,88,1,303.16,0
17564,24,3,454.01000000000005,3
17222,65,1,354.15,3
16895,64,1,219.13999999999996,3
14815,36,2,778.5,3
13858,57,1,216.16999999999996,3
15478,40,2,1441.42,3
12966,9,1,160.18,3
17675,1,31,20374.279999999995,3
16393,2,13,3046.21,3
14355,365,1,174.4,0
12867,26,7,4036.82,3
18168,176,6,1169.94,0
15562,351,1,134.55,0
12574,315,1,218.45000000000002,0
14163,87,4,2445.91,3
17574,242,1,185.64999999999998,0
12360,52,3,2662.06,3
17157,7,2,319.0,3
12638,33,1,671.69,3
15355,29,2,277.05,3
16811,4,2,547.0699999999999,3
17772,10,2,182.77000000000004,3
12442,3,1,172.06,3
13428,10,1,218.46999999999994,3
17025,60,3,357.77,3
16907,29,5,981.65,3
15996,88,6,1060.68,3
17894,71,8,1119.8100000000002,3
12346,325,1,77183.6,0
17889,212,2,203.87,0
16643,245,1,487.51,0
13533,182,3,270.79,0
16214,170,3,1062.75,0
14338,161,2,588.2199999999999,0
12461,94,2,826.8800000000001,0
16278,100,1,566.3799999999999,0
16909,72,1,379.14000000000004,3
15963,19,2,470.76,3
14967,49,1,463.8,3
12491,38,1,460.4000000000001,3
17901,29,1,110.38000000000001,3
17680,23,1,184.39999999999998,3
14290,11,5,2314.6499999999996,3
17937,8,7,4301.22,3
15482,15,12,11054.96,3
18037,154,6,70.02,0
17091,2,9,3827.76,3
12500,23,11,4257.82,3
17517,308,1,153.94,0
12993,23,4,414.76000000000005,3
13712,246,1,228.83999999999997,0
14198,18,4,701.4,3
13529,78,2,307.76,3
15098,182,3,39916.5,0
13583,155,1,781.0300000000002,0
13991,12,6,855.97,3
14387,32,3,1770.56,3
13247,17,4,501.11999999999995,3
13067,82,1,115.46000000000002,0
17506,75,1,302.2,3
14547,3,8,4007.539999999999,3
12936,17,4,1063.9,3
14216,3,4,1839.2999999999997,3
15977,17,2,1054.73,3
17313,31,1,2328.8399999999997,3
15044,19,17,7700.230000000001,3
14031,7,19,17286.86,3
17198,23,3,692.2199999999999,3
12576,35,5,1315.83,3
14603,274,1,660.0,0
16780,100,2,425.18999999999994,0
13120,238,1,30.599999999999998,0
15852,186,2,160.71,0
16113,183,1,161.38000000000002,0
14104,154,2,216.21,0
14542,185,1,103.25000000000001,0
16305,138,1,361.2199999999999,0
14495,50,2,123.8,3
15639,134,1,425.31999999999994,0
17513,72,1,513.2,3
13801,66,1,324.79999999999995,3
12719,5,2,644.95,3
13690,59,1,172.25,3
16284,31,2,823.97,3
17419,11,12,4226.57,3
18044,4,10,2088.6,3
13880,21,13,3219.7699999999995,3
15547,7,14,4954.839999999999,3
14643,170,2,693.8100000000001,0
14150,35,2,658.6400000000001,3
17976,372,1,353.18999999999994,0
15171,331,1,1289.5,0
13659,205,2,1573.2,0
15812,107,5,1801.1400000000003,0
15145,4,4,1194.7299999999998,3
17830,1,3,398.7,3
16756,214,1,239.4,0
18235,71,3,1796.4800000000002,3
17058,81,3,1179.89,3
15238,29,3,1071.99,3
14389,65,2,1043.46,3
12743,134,2,546.43,0
17728,3,3,2876.0100000000016,3
16902,116,1,1706.88,0
16613,70,1,618.59,3
16406,18,1,163.07,3
14052,19,1,225.35999999999993,3
18074,373,1,489.6,0
17732,372,1,303.97,0
14396,65,2,487.98999999999995,3
16327,14,6,3844.2199999999993,3
17609,40,5,1112.2199999999998,3
16745,86,17,7194.299999999997,3
13784,9,11,2462.79,3
17560,94,4,854.9499999999999,3
15753,304,1,79.2,0
17652,25,12,4867.72,3
17698,260,1,154.95000000000002,0
14408,10,7,2606.5299999999997,3
14273,51,4,559.97,3
15128,60,4,1471.0,3
12871,84,2,380.64,3
14500,88,3,356.85,3
15280,172,1,113.12,0
12644,129,1,477.9100000000001,0
15307,95,1,205.3,0
13314,1,3,775.9400000000003,3
16597,4,1,90.04000000000002,3
17789,281,1,225.9,0
16353,3,23,6675.710000000001,3
16863,31,2,502.8,3
14735,3,32,6065.6900000000005,3
16081,56,5,2806.9,3
14248,318,1,302.58,0
15939,89,15,6115.01,3
13630,5,7,2031.7800000000002,3
13675,151,2,486.82,0
17394,219,1,203.86999999999995,0
16116,211,1,612.7800000000001,0
12409,78,3,11072.67,3
15074,105,1,748.8700000000002,0
12579,78,1,440.41999999999996,3
16513,4,4,874.5900000000001,3
15010,35,1,308.94000000000005,3
15432,23,1,171.19,3
17949,1,45,58510.479999999996,2
15646,157,3,447.64,0
12472,32,7,6572.110000000001,3
14472,103,8,1936.8399999999997,3
17757,1,30,5605.290000000001,3
12481,22,10,5596.32,3
14282,3,15,3729.3399999999997,3
15607,336,1,104.76,0
17980,165,3,811.45,0
13959,79,3,598.2,3
16805,173,2,460.5899999999999,0
13581,309,1,117.99999999999999,0
12356,22,3,2811.4300000000003,3
13634,33,5,1575.1599999999996,3
12435,79,2,7829.889999999999,3
12955,1,11,4757.16,3
18080,18,2,1231.5,3
16806,103,4,801.49,0
16587,232,1,225.14999999999995,0
16226,203,3,255.12,0
16185,16,2,529.41,3
13213,56,5,1520.58,3
13300,169,1,371.89000000000004,0
13430,18,2,679.45,3
12824,59,1,397.11999999999995,3
16747,37,2,836.06,3
12827,5,3,430.15,3
17274,35,1,111.98000000000002,3
17357,24,2,388.1399999999999,3
17767,15,1,271.20000000000005,3
14156,9,55,117379.63,2
17629,5,8,1814.12,3
17655,10,7,2638.9400000000005,3
15133,127,3,982.4200000000001,0
13049,64,2,656.6800000000001,3
12578,21,2,2794.5099999999993,3
15114,30,10,2760.5599999999995,3
16767,30,11,5580.6,3
16979,3,6,1852.0,3
15367,57,4,1877.5899999999997,3
15241,66,8,1756.44,3
14339,242,1,309.52,0
13384,30,7,4151.93,3
16247,170,1,114.56,0
12917,128,1,594.0,0
16536,110,1,548.97,0
13193,61,1,117.88000000000001,3
17330,22,2,363.9,3
17186,46,2,144.0,3
12863,52,1,521.2,3
16098,87,7,2005.6299999999999,3
14896,204,2,468.77,0
16716,266,2,901.2,0
15626,74,2,675.8,3
14475,71,3,925.8500000000001,3
12654,10,5,601.98,3
17843,303,1,205.48000000000002,0
13892,26,4,632.97,3
15695,266,2,409.9800000000001,0
13239,261,1,329.56,0
14890,253,1,125.65,0
16319,217,1,404.40000000000003,0
13456,17,6,1766.7200000000003,3
16446,0,2,168472.5,1
17759,17,3,834.9899999999999,3
17948,147,1,358.56000000000006,0
18027,98,1,115.30999999999999,0
14234,22,4,775.4600000000003,3
14518,64,1,174.37,3
13670,75,1,349.70000000000016,3
14882,26,2,589.7,3
13182,45,1,121.17999999999999,3
12762,7,2,1898.5200000000007,3
13403,17,1,75.0,3
17510,24,1,308.48,3
15311,0,91,60767.89999999999,2
17634,36,9,2361.9700000000007,3
13047,31,10,3237.54,3
16122,73,4,684.4200000000001,3
16315,330,1,226.37,0
13802,138,3,4599.42,0
12365,291,2,641.38,0
17705,3,9,1823.52,3
15057,275,2,1489.5,0
15785,32,5,2328.97,3
16655,17,6,3794.5200000000004,3
14483,281,1,137.10000000000002,0
13509,8,7,979.72,3
13654,43,6,2707.3299999999995,3
12593,108,3,418.1,0
13761,50,2,1070.65,3
14823,180,3,321.42999999999995,0
12974,197,1,144.8,0
12919,8,6,1335.19,3
16147,133,1,375.0,0
12879,44,3,573.22,3
13260,61,1,557.6200000000001,3
13471,1,4,2531.58,3
15870,32,1,354.0899999999999,3
14675,16,1,604.7499999999999,3
17806,11,1,546.0399999999998,3
12651,334,1,114.00000000000003,0
13652,45,3,1095.08,3
12877,3,12,1535.7700000000004,3
17572,71,4,226.75,3
13029,30,3,1247.5,3
16926,371,1,230.25000000000003,0
16552,242,2,379.73,0
14657,17,4,848.2199999999998,3
17571,50,4,1498.5100000000002,3
17864,12,3,597.5,3
13242,112,3,270.4,0
14640,24,6,2125.08,3
12358,1,2,1168.06,3
18099,127,1,168.31000000000003,0
16820,95,1,497.61000000000007,0
13514,73,1,152.20000000000002,3
15113,9,3,3609.3300000000004,3
15066,53,1,893.59,3
14793,21,1,228.99,3
13844,11,1,361.62,3
13982,39,4,1871.8099999999997,3
17230,264,8,3638.4100000000003,0
16719,14,7,1790.42,3
17722,96,4,2424.04,3
17515,31,4,639.02,3
16842,100,3,1264.19,0
16014,37,3,662.3799999999999,3
13044,291,1,560.4700000000001,0
15797,113,4,2207.4,0
17362,239,2,312.23,0
14006,115,3,962.1899999999999,0
17080,22,2,287.62,3
14004,43,7,4582.64,3
14403,130,4,1475.81,0
13650,16,6,1836.34,3
15408,264,1,267.17999999999995,0
14649,4,4,1417.2899999999995,3
12424,162,2,1760.9600000000003,0
12562,8,7,3781.74,3
17899,159,1,155.79999999999998,0
15247,122,1,356.0,0
12981,29,2,372.22,3
14918,115,2,1610.15,0
16910,4,8,1510.06,3
15947,82,1,1708.2400000000002,3
14080,32,1,45.599999999999994,3
12904,18,2,509.5799999999999,3
14799,51,1,157.7,3
15039,9,47,19914.44000000001,2
14533,24,7,1949.7200000000003,3
16746,4,18,6697.660000000001,3
16905,5,7,3102.4300000000003,3
13094,21,12,1927.3200000000004,3
14524,31,9,1867.6800000000003,3
13786,367,1,230.4,0
17324,17,4,990.23,3
12567,22,10,9401.279999999999,3
15189,1,41,16225.390000000003,2
17373,40,4,646.92,3
13908,79,4,2369.55,3
17594,85,2,993.1800000000001,3
13803,255,1,277.07000000000005,0
14145,46,4,3742.2,3
14152,75,2,621.29,3
12821,214,1,92.72,0
13466,184,1,307.90000000000003,0
13737,200,1,339.59999999999997,0
13791,127,2,1516.0,0
14522,24,4,974.54,3
14208,94,1,151.73999999999998,0
15466,85,1,334.53000000000014,0
12729,113,1,453.0100000000001,0
16120,59,4,1309.14,3
13271,37,1,217.3799999999999,3
16666,19,1,118.98,3
12374,25,1,742.93,3
14126,7,3,706.1300000000001,3
17385,14,1,261.11000000000007,3
12650,3,1,314.44,3
12691,28,6,1035.8,3
12849,31,2,1050.8899999999999,3
16146,157,3,734.13,0
16697,241,1,112.75000000000001,0
16099,50,3,731.9,3
18241,9,17,2073.0899999999997,3
17615,130,3,329.6,0
17429,128,3,524.9200000000001,0
16764,3,13,2799.2499999999995,3
13621,116,1,213.85,0
14508,22,2,276.41999999999996,3
13375,88,1,778.6499999999997,0
18035,35,3,730.3999999999997,3
13447,23,3,1129.1399999999999,3
14968,30,1,147.59,3
15419,24,1,135.86,3
15463,29,1,126.14,3
13408,1,62,28117.039999999986,2
17760,21,2,287.59000000000003,3
16612,32,4,1187.66,3
14548,150,2,652.8,0
14276,98,3,1119.7399999999998,0
18008,70,9,2116.19,3
13345,287,1,389.50000000000006,0
13722,131,3,2375.4100000000008,0
14353,215,1,90.6,0
16628,29,5,2188.05,3
17991,225,2,93.35000000000001,0
14280,196,1,134.04,0
16829,156,1,197.22,0
15901,16,3,363.88000000000005,3
12390,79,1,549.8399999999999,3
13812,42,3,539.0,3
13721,36,1,524.14,3
13914,11,2,626.45,3
17896,23,1,256.32,3
17286,21,1,153.92000000000004,3
15379,169,7,3703.290000000001,0
15752,39,7,2637.38,3
15916,16,8,1528.0900000000001,3
12956,306,1,108.07,0
12929,311,1,117.85000000000001,0
14662,28,4,771.1700000000003,3
13955,154,2,322.96000000000004,0
12909,39,5,2178.67,3
16142,249,1,535.3400000000001,0
18213,236,1,232.48000000000002,0
18121,149,2,673.1000000000001,0
13388,131,2,677.1,0
16627,79,1,322.8,3
17958,116,1,508.4599999999999,0
16826,51,1,341.70000000000005,3
16720,26,1,155.23999999999998,3
18139,17,6,8438.340000000002,3
17636,19,1,285.56,3
12475,53,1,723.38,3
14527,2,55,8508.82,2
17026,185,2,154.82999999999998,0
14001,45,3,2043.08,3
17964,31,2,471.70000000000005,3
13579,14,2,467.03999999999996,3
15823,372,1,15.0,0
18087,98,2,4055.7199999999993,0
16235,40,5,867.3100000000001,3
14541,58,8,1461.65,3
16133,3,33,14589.039999999997,3
15755,10,6,2364.25,3
12350,310,1,334.40000000000003,0
14476,257,1,215.7,0
12520,79,5,2634.260000000001,3
18177,31,6,1341.42,3
13216,267,1,333.74,0
17120,233,1,307.46,0
15825,172,1,532.94,0
16358,1,4,2027.5000000000005,3
14716,43,2,329.68,3
14434,21,6,1372.8,3
13460,29,2,183.44,3
16070,22,2,852.1499999999999,3
12452,16,2,430.57000000000005,3
14382,26,1,626.07,3
12531,14,1,125.22,3
14219,4,1,89.94,3
18219,2,10,2069.77,3
13050,14,17,5836.86,3
13065,373,1,205.85999999999999,0
14825,3,12,2226.9100000000003,3
17062,313,4,538.37,0
17968,373,1,277.34999999999997,0
15889,156,2,446.8699999999999,0
12591,317,1,452.84999999999985,0
17138,275,1,380.5,0
15832,254,1,836.7899999999998,0
15031,4,4,668.14,3
15668,217,1,76.32000000000001,0
13485,233,1,454.24,0
15117,14,5,1551.7799999999997,3
15325,103,1,162.2899999999999,0
13321,72,2,567.3599999999999,3
15175,71,1,224.14000000000007,3
16846,50,1,214.32000000000002,3
16445,33,1,230.51000000000002,3
15814,16,4,1945.3300000000004,3
12587,7,1,144.0,3
15862,8,4,832.8799999999999,3
15018,38,3,496.21,3
13458,7,14,9646.570000000002,3
12808,36,3,483.65,3
16402,264,2,299.5999999999999,0
14952,59,11,8099.490000000001,3
16770,57,5,770.1000000000001,3
13629,23,11,7792.36,3
13148,29,12,3707.12,3
16726,26,5,1382.02,3
16333,7,22,26626.800000000003,3
15218,10,11,5756.89,3
13453,165,2,356.97999999999996,0
14165,275,1,122.53999999999999,0
12598,9,8,3023.0800000000004,3
18040,19,2,357.20000000000005,3
16457,218,1,208.36,0
14482,18,6,2068.1499999999996,3
18150,32,3,566.5799999999999,3
17879,173,1,178.51999999999998,0
16880,30,7,1519.0800000000002,3
12830,37,6,6814.639999999999,3
14143,133,1,115.8,0
13355,122,1,674.7,0
16761,96,1,316.61999999999995,0
17427,71,1,100.8,3
16416,26,3,1051.3999999999996,3
15115,18,1,340.11000000000007,3
13449,23,1,291.88,3
15458,25,1,161.64,3
17052,28,1,413.75000000000006,3
15464,338,1,1048.8500000000006,0
12515,353,1,383.7,0
17884,3,4,717.4499999999999,3
17888,21,8,726.05,3
17567,7,8,4331.48,3
17095,22,3,1324.1599999999999,3
14242,234,2,280.54999999999995,0
13884,7,5,787.6,3
13493,275,2,618.63,0
13452,259,2,590.0,0
13772,33,3,1132.1299999999999,3
18246,23,2,596.1,3
16424,191,1,133.56,0
17703,35,3,798.74,3
13099,99,1,207.35999999999999,0
18222,92,1,443.0,0
13810,28,3,1499.01,3
13390,74,1,544.0799999999999,3
14416,22,2,490.22,3
14585,50,1,157.05,3
15853,51,1,110.80000000000001,3
18117,25,1,320.71999999999997,3
14204,2,1,161.02999999999997,3
15038,58,6,705.49,3
13807,367,1,112.6,0
17913,58,2,411.59999999999997,3
16016,3,8,1508.7599999999998,3
18077,8,11,2633.01,3
15012,53,2,423.0399999999999,3
13255,9,2,399.51,3
13496,10,2,653.33,3
18093,93,4,2106.52,3
15415,313,1,572.8099999999998,0
16509,296,1,363.7,0
17906,247,1,72.9,0
14619,245,1,394.43999999999994,0
14645,156,2,597.09,0
14473,74,2,234.34000000000003,3
15400,92,5,716.2,3
16777,80,2,226.35000000000002,3
13752,124,6,1186.2800000000002,0
13657,10,2,382.14,3
13417,4,2,640.83,3
14905,157,2,616.15,0
13805,52,2,924.5999999999999,3
13291,155,1,361.10999999999996,0
18255,89,1,103.3,0
17183,7,6,3347.31,3
17736,9,3,377.4399999999999,3
17528,1,8,3628.5,3
17878,43,1,379.45000000000005,3
17221,7,2,335.13,3
12702,19,1,219.0,3
12445,22,1,133.4,3
15314,199,1,327.97,0
16539,2,4,1388.81,3
17691,358,2,290.4,0
12423,0,8,1859.3100000000004,3
14889,336,1,135.9,0
17787,152,4,1865.1899999999998,0
15649,336,2,816.0,0
12561,302,1,238.85,0
13911,57,9,2580.9100000000003,3
14586,276,1,237.35999999999996,0
12613,57,5,3344.38,3
12457,66,7,2363.23,3
15230,239,2,429.6,0
12506,232,1,73.50000000000003,0
14034,22,3,651.8199999999999,3
16929,3,7,1295.39,3
14108,30,2,597.9100000000001,3
13927,74,1,348.99,3
15327,52,1,208.75000000000003,3
17500,17,3,1138.0,3
12538,29,1,363.95,3
13199,3,38,9817.119999999999,3
14800,47,12,4339.74,3
17873,80,5,1859.1599999999999,3
15194,3,15,7616.530000000001,3
17812,12,4,732.1599999999999,3
17314,24,8,2527.9199999999996,3
15410,84,8,3450.84,3
17045,113,3,339.43999999999994,0
16297,268,1,301.90000000000003,0
14038,78,3,1560.38,3
12353,204,1,89.0,0
13917,49,2,272.03999999999996,3
16464,19,3,1314.6799999999998,3
13016,73,3,789.8899999999999,3
15342,129,1,406.0899999999999,0
15567,18,1,186.01000000000002,3
13948,360,1,101.99999999999999,0
15394,9,4,2183.54,3
15514,12,11,4139.46,3
17643,373,1,101.55000000000001,0
16899,7,6,1281.56,3
16218,29,7,3084.68,3
14209,10,6,2073.4300000000003,3
17669,42,7,3406.72,3
18183,227,2,632.07,0
14880,77,3,706.19,3
14818,73,3,657.8,3
15319,283,1,204.5,0
17455,203,1,131.7,0
14931,4,5,1257.6800000000003,3
17718,232,1,139.35,0
17160,31,6,3518.0300000000007,3
17900,190,2,112.19999999999999,0
13919,59,2,384.80999999999995,3
13177,64,1,282.45,3
15468,51,2,467.50999999999993,3
13146,26,1,228.91,3
15877,1,2,493.28,3
17911,9,1,366.23,3
16856,14,1,35.400000000000006,3
12989,3,15,6924.11,3
13221,240,2,847.4100000000002,0
17126,152,5,1004.7500000000001,0
14932,365,1,363.53,0
13305,4,10,2000.8600000000001,3
14431,302,1,470.35999999999996,0
13008,323,1,229.47000000000003,0
15110,23,4,996.1000000000001,3
13703,318,1,99.5,0
16554,42,3,837.1000000000001,3
12679,58,4,1113.0200000000002,3
14535,60,3,2864.189999999999,3
13711,218,2,252.06,0
17166,38,2,206.33999999999997,3
14551,18,2,186.23000000000002,3
18265,72,2,801.5100000000001,3
12815,147,2,1063.4599999999998,0
18237,2,5,987.1,3
15374,128,1,168.0,0
15786,46,3,4932.2000000000035,3
17777,24,3,665.8600000000001,3
12925,4,2,694.05,3
15243,74,1,316.68,3
12630,9,2,1270.88,3
17069,28,9,2709.7,3
14060,4,19,6140.419999999999,3
13097,32,10,6010.42,3
17965,37,14,2622.5699999999997,3
13869,123,4,3104.9499999999985,0
16351,332,1,153.9,0
17742,113,2,355.11,0
17291,308,1,550.8000000000001,0
12836,59,4,2612.86,3
14616,242,3,406.08000000000004,0
14499,26,3,815.3199999999999,3
16592,4,16,4113.679999999999,3
17781,159,2,188.01999999999998,0
15530,21,4,1502.35,3
14246,110,3,1474.0600000000002,0
15049,273,1,121.17000000000002,0
13856,168,3,388.5,0
17505,161,2,1145.8400000000001,0
14584,169,4,1042.2599999999998,0
16461,177,1,151.42,0
18081,36,3,343.45000000000005,3
12688,113,1,4873.810000000005,0
12839,2,14,5591.420000000001,3
16781,372,1,311.24999999999994,0
14414,91,7,1496.98,3
13328,316,1,1308.48,0
16387,322,1,94.36,0
13707,267,2,806.4099999999999,0
16080,81,2,217.16000000000003,3
16187,31,15,6911.440000000001,3
16495,3,3,684.4099999999999,3
13577,25,4,1687.6,3
17245,204,1,171.45,0
15329,39,3,1049.7000000000003,3
16653,16,2,1212.6600000000003,3
17666,3,2,728.16,3
17934,51,2,704.25,3
15930,67,1,426.63000000000017,3
17824,51,1,298.4,3
13418,11,18,6127.43,3
12686,371,1,89.14,0
14334,16,8,2552.21,3
13890,1,10,1883.8100000000002,3
18190,192,2,284.46,0
14264,154,2,333.97,0
17043,32,4,1735.1799999999998,3
16678,2,12,3109.99,3
16377,267,1,676.2,0
18211,25,5,600.0700000000002,3
16341,24,4,1971.8700000000003,3
13136,56,5,2607.6099999999997,3
15469,50,2,538.55,3
17947,37,1,176.68,3
14385,9,3,202.10999999999999,3
12370,51,4,3545.6900000000005,3
17524,361,1,145.0,0
16893,366,1,145.93000000000004,0
15204,357,1,316.58000000000004,0
14448,9,2,375.35,3
12775,17,5,1386.04,3
13381,31,6,3639.31,3
15236,298,1,321.05,0
17323,15,7,921.07,3
13792,66,2,195.55,3
12817,281,1,166.04,0
16626,0,17,4413.1,3
15457,262,1,237.07000000000002,0
15106,17,5,1422.5199999999998,3
17550,197,3,267.15999999999997,0
17630,169,2,503.5999999999999,0
15172,8,5,1624.0500000000002,3
17384,19,2,336.4,3
14311,242,1,310.26,0
13461,38,3,1445.0,3
15585,176,1,455.30000000000007,0
17694,141,1,283.12000000000006,0
17111,47,1,248.60999999999999,3
17608,33,2,193.42000000000007,3
14158,40,1,507.66000000000014,3
14725,24,1,718.08,3
18058,9,1,170.16,3
13767,2,37,17220.359999999997,3
17191,28,7,2095.13,3
14237,373,1,161.00000000000003,0
13615,318,1,417.6900000000001,0
14620,205,2,412.78,0
15834,70,4,2233.7499999999995,3
18108,254,1,271.0,0
13026,1,5,975.3600000000001,3
14066,266,1,152.55,0
17535,280,1,164.39999999999998,0
13282,18,3,1132.14,3
17483,65,3,414.04,3
15505,52,5,3610.96,3
13827,57,3,412.05,3
17935,138,2,145.79,0
17100,18,2,971.74,3
15460,354,1,216.76,0
15953,15,8,1659.38,3
18092,2,11,9068.26,3
16891,1,5,809.6999999999998,3
14709,15,13,4921.04,3
15885,92,3,379.34999999999997,0
13133,273,2,109.8,0
13157,49,4,1741.2199999999998,3
15632,15,8,3285.3099999999995,3
17898,85,2,152.05999999999997,3
14326,242,1,183.85,0
17046,157,1,642.0199999999999,0
14891,148,2,554.38,0
15322,85,1,679.6799999999998,0
13210,93,1,353.47999999999996,0
17509,57,8,6115.14,3
12357,33,1,6207.669999999996,3
16771,33,5,2246.81,3
15028,8,4,627.1299999999999,3
12395,19,12,3018.6299999999997,3
13030,11,2,799.4799999999999,3
16634,222,2,217.9,0
17282,130,3,1703.4099999999999,0
16998,149,4,295.0,0
18272,2,6,3078.5800000000004,3
16992,10,5,1614.31,3
14854,78,7,2759.83,3
17995,281,1,76.1,0
13134,85,4,1793.58,3
16849,186,1,124.57,0
16018,39,2,408.9,3
17660,141,1,196.0,0
13302,155,1,63.75,0
15232,113,2,612.06,0
15652,91,1,337.74,0
18001,12,2,417.23,3
12446,57,1,1002.3099999999998,3
18274,30,1,175.92000000000002,3
17650,21,1,166.07999999999998,3
14217,1,17,2004.9799999999998,3
14680,25,16,28754.11,3
13004,11,18,5655.91,3
14037,176,2,147.20000000000005,0
17220,24,14,3198.2500000000014,3
16795,365,1,414.88000000000005,0
17358,303,2,365.84999999999997,0
14970,68,4,1592.06,3
15443,1,7,3236.9099999999994,3
15809,36,5,515.77,3
16728,46,4,1054.67,3
17492,248,1,374.57,0
17932,29,3,1331.5699999999997,3
16545,164,1,339.3,0
13682,187,1,59.5,0
17939,159,1,99.14000000000003,0
17941,130,1,304.56,0
13681,17,4,827.8300000000002,3
16272,116,1,411.7000000000001,0
16796,89,1,305.62,0
15473,14,7,1771.2,3
15264,64,1,393.74000000000007,3
14887,79,1,1862.0,3
15783,10,1,246.3,3
13369,365,1,308.28000000000003,0
18283,3,16,2094.88,3
15023,3,11,6802.76,3
14099,16,11,3104.17,3
15353,254,2,777.02,0
18245,7,7,2567.06,3
17165,284,1,158.68,0
14930,108,3,2372.8599999999997,0
17768,8,3,2273.1800000000003,3
13200,19,4,870.0900000000001,3
14359,19,3,912.1800000000001,3
18167,23,3,1384.8600000000001,3
15075,77,1,773.0300000000002,3
13980,60,1,200.14000000000001,3
13886,71,1,243.56000000000003,3
14578,3,1,168.63,3
13017,7,1,204.0,3
17850,372,34,5391.209999999999,0
12766,3,7,6989.629999999999,3
14135,1,15,4690.3099999999995,3
13800,309,1,558.3199999999997,0
17255,40,2,298.41,3
17152,194,3,1689.5,0
17663,25,7,1802.9100000000003,3
17624,14,2,843.48,3
16933,1,2,563.2300000000001,3
16450,149,1,311.92,0
14855,119,2,645.65,0
17779,21,3,658.5699999999999,3
17475,79,1,194.36999999999995,3
12640,23,3,1174.58,3
15511,11,5,909.23,3
14624,57,2,225.84999999999997,3
15277,46,1,255.89999999999998,3
13897,50,1,311.15999999999997,3
16784,19,1,107.6,3
17359,11,1,127.85999999999999,3
15750,2,8,2465.4799999999996,3
12348,75,4,1797.24,3
12738,372,1,155.35,0
16743,29,7,2238.0899999999997,3
17978,365,1,300.91999999999996,0
16395,60,5,1486.9,3
15058,25,11,2124.9900000000002,3
16765,294,1,34.0,0
15174,322,1,135.75,0
13341,260,1,775.8499999999999,0
16792,282,2,110.38000000000001,0
16031,92,2,548.94,0
16584,80,2,936.0800000000002,3
13562,81,3,1799.33,3
13510,1,4,1791.56,3
13568,173,1,192.85000000000005,0
14452,10,2,264.44000000000005,3
16460,28,3,814.7199999999999,3
16773,57,1,171.59,3
13558,5,4,605.06,3
16020,16,3,851.0100000000001,3
17006,4,4,781.7800000000001,3
16011,8,16,3362.710000000001,3
13680,1,4,3722.4199999999996,3
15769,7,26,56252.72,2
14082,364,1,182.24999999999997,0
16221,36,3,864.86,3
13748,95,5,948.2499999999999,3
15670,296,1,173.05,0
15129,50,11,3447.3999999999996,3
13939,23,3,568.55,3
13118,19,5,1197.8100000000002,3
14348,260,1,409.57,0
17625,18,4,2047.0,3
14111,14,4,692.85,3
15618,32,4,776.8509999999999,3
14567,56,2,1530.3600000000001,3
12420,63,1,600.3900000000001,3
12512,66,2,138.03000000000006,3
15043,31,1,537.0,3
12544,36,1,372.7,3
13108,372,1,350.05999999999995,0
15898,1,5,1388.88,3
16477,63,7,2494.46,3
13077,1,4,729.2700000000001,3
18212,326,1,248.41999999999993,0
17499,289,1,622.88,0
16085,23,5,981.5100000000001,3
12842,70,2,1118.99,3
14964,247,1,206.21,0
16859,144,2,747.81,0
13486,78,3,1122.41,3
13194,135,1,60.7,0
18194,82,1,973.8399999999999,0
16776,60,1,388.2799999999999,3
13845,64,1,312.98,3
15127,65,1,406.53000000000003,3
17203,35,6,3563.85,3
13028,22,2,661.3199999999999,3
14788,7,2,679.44,3
17254,4,2,272.44000000000005,3
15640,4,15,12515.660000000003,3
12585,234,2,2040.1,0
17189,106,2,384.4,0
17796,40,4,697.9,3
15384,169,2,642.4099999999999,0
14505,17,8,5905.640000000001,3
17908,373,1,243.2799999999999,0
17083,109,3,1405.7799999999997,0
15397,289,1,94.0,0
15673,88,4,2881.0200000000004,3
16136,59,3,709.3800000000001,3
16261,17,4,746.8300000000002,3
16449,197,2,707.6899999999998,0
14155,266,1,118.75,0
15416,64,4,3984.3199999999993,3
14147,78,2,483.40000000000003,3
16096,264,1,320.62,0
17522,1,5,1070.71,3
16824,15,2,460.64,3
17750,5,9,1797.57,3
13116,138,1,501.14000000000004,0
17040,137,1,449.7299999999999,0
12648,154,1,318.05,0
18268,134,1,25.5,0
16360,4,6,3512.5299999999997,3
12364,7,4,1313.1,3
14314,106,1,120.0,0
15368,21,1,446.94000000000005,3
14300,18,1,43.2,3
15081,22,5,504.79999999999995,3
16779,2,22,10629.72,3
12665,324,1,63.0,0
18094,81,7,3017.2999999999997,3
12428,25,9,7956.46,3
18149,50,3,612.0799999999999,3
17174,217,1,59.9,0
17031,11,2,380.35,3
12864,138,1,147.12,0
14067,63,2,374.70000000000005,3
13429,10,4,1006.8,3
14014,77,1,505.18000000000006,3
13732,28,1,491.86,3
15919,19,2,639.8899999999999,3
16062,9,4,1153.6200000000001,3
17674,74,2,551.0400000000001,3
14867,185,3,710.28,0
18257,39,8,2337.6300000000006,3
17334,302,2,307.02000000000004,0
15326,333,1,311.71,0
16425,302,1,302.69999999999993,0
16566,15,5,614.66,3
15800,107,2,699.0799999999999,0
16040,65,3,1313.55,3
14231,183,3,925.71,0
18064,133,2,814.0,0
12697,28,3,957.5900000000001,3
14780,54,2,447.6799999999999,3
14164,70,2,1631.7700000000002,3
16171,59,1,73.2,3
17620,59,1,81.44,3
14764,46,1,278.3,3
18067,40,1,396.3300000000001,3
13739,18,1,216.9,3
17153,24,1,213.77999999999997,3
13091,28,1,345.82,3
14494,25,1,139.56,3
12678,42,12,17628.460000000003,3
16499,360,2,365.45,0
13627,59,5,1638.47,3
13700,26,10,2265.1200000000003,3
13728,36,6,1016.1400000000001,3
14782,319,1,200.10000000000002,0
16843,42,16,10196.569999999998,3
16494,296,1,826.5299999999999,0
14659,8,9,2529.9300000000003,3
14803,162,3,845.55,0
12553,8,10,3692.28,3
14915,91,2,307.48,0
15944,276,1,325.1,0
15861,12,8,3165.3599999999997,3
15676,18,3,3435.7599999999993,3
15092,215,2,457.81000000000006,0
13499,17,5,1159.11,3
17060,266,1,234.24,0
18086,274,1,101.33999999999999,0
17701,252,1,417.95000000000005,0
18079,45,4,3651.970000000001,3
17414,43,2,778.0,3
15453,1,7,1388.37,3
12987,73,2,558.7,3
13678,151,1,232.60000000000005,0
14947,72,2,290.82,3
15653,92,2,877.4399999999999,0
18228,56,2,779.9,3
13441,91,1,296.64000000000004,0
12884,88,1,309.05000000000007,0
13095,70,1,74.4,3
14125,10,3,2740.4300000000003,3
16715,78,1,301.71999999999997,3
15350,373,1,115.65,0
17236,12,6,916.1299999999999,3
17752,359,1,80.64,0
13145,39,4,618.52,3
12763,138,2,494.08,0
13824,32,5,1698.9399999999996,3
13048,14,4,1835.91,3
14411,310,1,1063.0,0
17769,12,10,3997.9799999999996,3
13340,45,7,10736.480000000001,3
16005,12,4,615.3899999999999,3
12463,53,4,1344.7800000000002,3
13389,11,3,797.96,3
17109,29,6,885.0400000000001,3
15414,9,3,774.8999999999999,3
14241,183,1,213.70000000000002,0
13070,192,1,228.8,0
16364,11,2,707.04,3
12641,115,1,185.9,0
14806,75,1,193.39000000000004,3
15949,16,2,364.71999999999997,3
16404,70,1,443.0500000000001,3
15664,50,1,386.43,3
16123,51,1,307.78,3
13349,10,1,247.31999999999996,3
12479,11,1,527.2,3
15992,3,1,41.989999999999995,3
16029,38,63,81024.84,2
18223,4,14,6484.540000000001,3
14708,2,3,1126.3700000000001,3
15301,50,12,5070.35,3
17231,12,10,3174.3199999999997,3
14684,25,5,1236.2800000000002,3
16271,2,5,1429.24,3
13414,133,3,1390.5,0
12410,308,2,693.3299999999999,0
12759,52,3,1531.44,3
15572,4,7,2552.86,3
17164,32,7,2467.3499999999995,3
14689,208,1,112.80000000000001,0
17469,16,5,1870.9700000000003,3
14240,30,2,890.3400000000003,3
12615,2,4,2291.19,3
14561,75,3,1080.7599999999998,3
18160,57,2,638.0600000000002,3
15007,159,1,156.91000000000003,0
13814,92,2,1579.12,0
13224,60,2,2155.9500000000007,3
12381,4,5,1845.31,3
15533,19,3,807.5699999999999,3
13778,103,1,178.7,0
16629,73,2,417.7299999999999,3
13354,71,1,743.5300000000003,3
17279,57,1,187.82999999999998,3
16318,35,1,328.15,3
16415,44,1,210.34999999999985,3
16363,53,1,109.36000000000001,3
17017,2,20,8694.26,3
16700,8,13,5076.549999999999,3
16722,17,13,4730.81,3
16065,365,1,372.0900000000001,0
16560,26,2,841.4099999999999,3
14236,80,2,490.86000000000007,3
13330,92,3,1140.93,0
12724,5,4,1031.4100000000003,3
13405,74,3,572.451,3
12609,78,3,1126.85,3
17162,28,10,1715.46,3
13900,183,3,740.95,0
18224,263,1,158.95000000000002,0
17700,16,4,2534.64,3
15125,25,15,11528.48,3
18009,235,1,257.34000000000003,0
15935,239,2,416.86,0
16054,145,1,783.8999999999999,0
15343,87,1,364.5,0
17219,31,1,114.23,3
15524,24,1,440.0,3
13153,5,1,486.22,3
17293,8,9,1875.11,3
14702,1,17,3292.14,3
17690,30,15,4757.95,3
17251,362,1,283.28,0
15197,10,3,1079.61,3
12359,57,4,6372.58,3
13672,301,2,186.39000000000001,0
13804,30,7,2635.7899999999995,3
16180,100,8,10254.18,3
14747,249,1,328.2,0
17140,247,1,465.32,0
16957,239,2,416.64,0
13320,78,4,1548.6999999999998,3
15757,65,2,714.42,3
13235,212,1,1031.0699999999997,0
16357,33,3,658.8799999999999,3
12573,227,1,160.54,0
16966,8,7,2154.9700000000003,3
13850,129,1,1595.4799999999996,0
16362,32,5,734.7699999999999,3
15659,43,1,306.45000000000005,3
14582,40,1,114.11,3
14174,33,1,134.46,3
14641,21,1,110.46,3
15620,56,3,1553.1799999999998,3
15380,8,5,1690.2600000000002,3
15777,241,4,1047.11,0
16711,3,5,1651.03,3
14672,234,2,765.5500000000002,0
17431,313,1,403.30000000000007,0
15579,68,2,348.6,3
16034,196,3,437.69999999999993,0
13591,64,3,1117.1299999999997,3
13716,269,1,138.28,0
16258,45,5,5203.509999999999,3
13719,15,5,1041.68,3
14873,210,1,519.68,0
16617,235,1,151.85000000000002,0
16009,22,4,992.7099999999999,3
17173,5,8,3766.600000000001,3
13940,17,4,839.14,3
14360,31,4,2128.2299999999996,3
16793,57,1,243.83999999999997,3
14550,10,2,765.6199999999999,3
14295,40,1,166.2,3
16143,3,6,2424.94,3
13078,3,26,12627.939999999999,3
13963,308,4,664.54,0
16904,4,16,3754.269999999999,3
14987,15,2,326.4,3
13155,33,4,971.7599999999998,3
12988,292,1,535.32,0
18078,217,2,336.13,0
14173,10,4,450.84000000000003,3
13435,5,7,3809.8900000000003,3
17656,73,5,1674.69,3
14331,124,2,462.65999999999997,0
15313,110,1,52.0,0
18205,36,2,517.3599999999999,3
12612,74,1,704.0400000000001,3
15654,9,2,922.5300000000002,3
12931,21,15,42055.95999999999,3
17591,73,7,2225.9700000000003,3
16367,37,2,804.4899999999998,3
17870,2,12,1894.35,3
14898,23,6,1303.5199999999998,3
14897,7,4,1366.38,3
16126,29,4,6287.77,3
15671,18,7,2657.13,3
16092,114,3,817.86,0
15433,213,2,533.3,0
16279,21,3,1509.58,3
17892,56,3,244.10000000000002,3
13311,4,2,598.57,3
14753,87,1,563.15,0
12822,70,2,948.8799999999998,3
16527,81,1,228.06000000000003,0
16480,75,1,769.2899999999995,3
15399,1,3,815.7700000000001,3
15526,33,2,148.44,3
17863,59,6,3159.9999999999995,3
13564,144,3,1749.0199999999995,0
13092,70,5,477.83,3
13551,319,1,91.80000000000001,0
13012,9,8,1661.8400000000001,3
17440,156,3,186.42,0
14129,1,5,1123.86,3
13753,287,1,741.26,0
17088,28,4,1991.01,3
16036,87,2,758.9200000000001,0
14719,1,5,1602.1299999999997,3
17658,25,2,595.42,3
14512,187,2,275.28,0
16007,47,4,1701.9400000000005,3
17548,233,1,103.3,0
14271,225,1,112.32000000000002,0
15717,234,1,150.3,0
16298,22,3,598.2,3
12379,81,2,852.24,3
13667,149,1,305.0199999999998,0
12518,0,5,2056.89,3
15215,46,3,734.94,3
18217,29,2,621.75,3
14836,10,3,102.44999999999999,3
13322,17,1,199.48,3
16306,213,6,632.27,0
17800,37,9,1199.0099999999998,3
13238,17,4,700.73,3
13370,371,1,754.8700000000003,0
17848,81,9,901.2000000000002,3
13233,74,2,605.12,3
15213,318,2,328.3499999999999,0
14426,23,10,4481.669999999999,3
14520,1,2,270.6,3
17035,245,2,433.53000000000003,0
15178,260,1,40.5,0
14607,15,14,16569.5,3
13695,31,15,2504.13,3
17034,16,3,745.52,3
13450,26,6,2043.7199999999998,3
13740,240,1,350.75,0
13482,232,1,184.64,0
12787,9,3,463.65999999999997,3
16611,186,1,129.49,0
13186,39,3,1575.8899999999999,3
15154,75,1,296.41999999999996,3
16900,16,3,887.1100000000004,3
15156,1,3,961.49,3
17011,30,1,270.90000000000003,3
17068,12,21,4552.14,3
17243,1,26,8676.85,3
16550,108,5,2298.9700000000003,0
14440,8,5,2357.6800000000003,3
16407,12,10,2126.93,3
15843,303,1,118.95,0
13718,246,2,306.55,0
12539,22,4,5568.349999999999,3
12736,332,1,234.00000000000003,0
15656,45,4,748.5000000000001,3
12633,58,4,2163.98,3
16172,95,5,1140.21,3
16624,80,2,810.5699999999999,3
16794,1,10,1222.7100000000003,3
12571,39,2,519.61,3
14039,33,1,152.2,3
12621,1,20,13689.669999999998,3
15266,338,1,119.30000000000001,0
14646,1,73,280206.0199999999,1
14573,179,9,1653.4199999999998,0
14665,60,5,1835.7000000000003,3
12388,15,6,2780.6600000000003,3
14068,320,1,265.85,0
17881,304,1,133.35000000000002,0
15308,274,1,310.47,0
17374,218,2,495.77000000000004,0
13481,45,5,1804.56,3
14059,266,1,183.59999999999997,0
16399,19,2,408.57000000000005,3
13686,182,1,72.0,0
12493,165,2,433.74,0
12534,130,1,1089.18,0
14690,44,2,371.7,3
17434,2,7,2373.82,3
13635,67,1,1071.0300000000002,3
13348,64,1,233.76,3
15948,8,2,955.24,3
16569,3,1,124.2,3
16923,12,19,7247.61,3
15078,7,32,9743.109999999999,3
13230,4,14,2806.97,3
17865,30,20,10526.32,3
13668,2,21,6363.59,3
13240,96,4,663.6499999999999,0
17214,60,6,1069.1200000000001,3
15985,123,2,1142.42,0
12620,14,3,1339.4099999999999,3
16091,154,2,315.06,0
15184,29,2,406.76,3
13928,10,4,464.57000000000005,3
13563,84,2,777.53,3
15149,133,1,520.8,0
16438,5,5,798.35,3
12418,112,1,668.5799999999997,0
15576,37,1,940.6700000000002,3
12532,30,1,349.83,3
12586,17,1,196.94,3
14395,2,9,3507.71,3
16735,78,5,2300.5600000000004,3
12441,366,1,173.55,0
14457,310,1,113.64,0
17786,85,2,278.74,3
16441,67,2,381.2,3
17042,2,5,1044.3799999999999,3
16788,123,2,597.4800000000002,0
16990,218,1,179.0,0
17764,50,2,818.8199999999999,3
12378,129,1,4008.6200000000013,0
14406,119,1,156.75,0
13774,81,1,344.99999999999994,3
15603,78,1,48.480000000000004,3
15484,1,4,3594.3099999999995,3
13364,71,1,134.96,3
12581,39,1,197.70999999999998,3
16025,29,1,439.66,3
12617,29,1,355.5300000000002,3
14666,24,1,195.24999999999997,3
15721,11,1,507.0799999999998,3
17379,11,1,404.66,3
12838,33,2,683.1299999999999,3
16202,360,1,365.27000000000004,0
16010,245,3,407.5,0
12970,7,4,452.23999999999995,3
18250,310,1,349.27000000000004,0
15167,320,1,162.99999999999997,0
15903,9,7,5126.76,3
16518,61,2,484.32000000000005,3
16170,50,6,1885.0500000000004,3
14272,73,2,437.96000000000004,3
12363,109,2,552.0,0
14834,17,6,1720.3,3
12700,7,4,4939.989999999998,3
17443,219,1,534.24,0
13780,7,2,360.01000000000005,3
15042,199,1,135.93,0
15089,10,6,2420.8400000000006,3
13507,3,4,2479.16,3
16803,65,1,332.29999999999995,3
12772,59,1,892.4700000000004,3
12950,2,3,1843.0,3
12947,143,6,1603.9899999999998,0
17085,123,5,1566.65,0
13922,351,1,172.24999999999997,0
13881,3,20,17159.519999999997,3
15674,73,5,2446.6,3
16216,267,1,914.9300000000002,0
14817,200,2,1110.3400000000001,0
17930,35,5,1740.48,3
16633,17,6,2883.1,3
16418,44,3,675.27,3
13365,33,2,2225.37,3
13283,59,2,93.66,3
13343,177,1,353.43,0
14222,177,1,683.17,0
13379,26,3,572.56,3
12995,85,1,211.32,0
16215,80,1,242.35000000000002,3
16986,29,2,1873.2,3
12478,3,1,680.9900000000002,3
17428,0,28,17256.85,3
14794,2,7,1319.9099999999999,3
15970,303,1,314.1,0
14048,305,1,409.9299999999999,0
13268,17,11,3214.6900000000005,3
13931,95,2,1237.5300000000007,0
15068,46,2,553.36,3
13826,176,1,189.5,0
16884,37,2,429.84000000000003,3
14484,50,1,321.91999999999996,3
17128,334,1,157.09,0
13319,5,26,10845.550000000001,3
14107,51,7,2703.23,3
16282,339,1,168.3,0
14159,19,11,4693.01,3
14497,309,1,475.3699999999999,0
17027,78,6,890.2899999999998,3
16434,29,7,1522.25,3
16128,17,5,1880.22,3
16309,106,2,706.5699999999999,0
13474,236,1,229.58999999999997,0
15063,213,1,370.79999999999995,0
17579,4,3,448.9,3
15118,134,1,244.8,0
13860,1,5,1245.8999999999999,3
13806,63,1,256.38,3
17595,12,2,388.78999999999996,3
16127,39,1,656.2500000000001,3
15022,11,4,905.04,3
17461,22,3,757.4599999999997,3
17727,15,1,1060.25,3
14796,1,17,8022.49,3
17580,252,3,215.72000000000003,0
14146,8,5,4191.0,3
15527,18,8,2429.78,3
15079,212,4,895.6100000000001,0
14842,43,4,2824.6900000000005,3
14386,296,1,142.4,0
16681,72,6,1770.3400000000001,3
16414,21,2,126.25,3
14912,16,2,867.8499999999999,3
16647,169,2,214.06,0
14937,56,3,1621.88,3
14768,17,2,192.60000000000002,3
13244,92,1,121.74000000000001,0
12488,9,3,1298.66,3
17197,29,1,1013.01,3
17381,8,29,20275.609999999997,3
18260,172,6,2643.2,0
12957,9,8,4017.54,3
17799,22,10,3055.9299999999994,3
17146,105,3,749.7800000000001,0
17339,94,2,243.36,0
12480,28,4,3281.6300000000006,3
13662,85,3,897.7600000000002,3
14071,3,8,1438.8200000000002,3
13362,9,4,3090.7400000000007,3
14851,23,2,511.34999999999997,3
16690,72,2,225.58,3
15265,151,2,1506.12,0
14383,38,3,1247.69,3
13135,196,1,3096.0,0
15743,16,4,784.4600000000002,3
12627,10,7,4478.53,3
14335,16,2,468.26,3
13755,3,9,2161.3499999999995,3
13651,35,2,94.2,3
17320,100,3,1200.62,0
15005,15,28,6316.570000000001,3
17576,8,19,3622.68,3
14737,3,3,1164.55,3
13614,24,4,1610.46,3
17711,10,2,385.1,3
13821,144,2,385.63999999999993,0
16105,248,1,336.96,0
14504,47,4,673.26,3
16750,44,5,623.9300000000001,3
13952,217,2,3251.071,0
14705,198,1,179.0,0
14196,106,1,335.52,0
13083,4,2,303.75,3
12703,71,1,283.54999999999995,3
14539,15,2,537.48,3
17458,15,1,316.49999999999994,3
16531,22,7,1244.59,3
15796,1,8,2711.56,3
15422,323,2,97.7,0
17365,12,8,4801.56,3
14778,127,2,730.86,0
14211,53,9,2241.1,3
12676,24,6,1331.39,3
13899,16,2,388.52000000000004,3
16217,235,2,304.25,0
13976,206,1,357.9800000000001,0
17278,241,1,246.04000000000008,0
13115,11,4,2294.78,3
18112,12,2,352.69,3
16734,52,3,650.51,3
15344,0,3,563.9399999999999,3
13882,2,5,1191.1299999999999,3
13710,31,1,180.48000000000002,3
15444,9,2,1418.26,3
17495,7,2,497.56000000000006,3
17534,53,1,223.36,3
18249,17,1,95.34,3
14601,10,1,213.96000000000004,3
18184,15,1,49.8,3
15406,31,2,510.7099999999999,3
12464,10,8,1212.0500000000002,3
17725,16,11,3439.0800000000004,3
13610,12,7,1131.88,3
14682,187,2,52.0,0
12592,92,2,437.6,0
17578,218,1,143.45999999999998,0
12449,22,4,4067.29,3
15679,24,4,781.2799999999997,3
14722,147,1,187.91999999999996,0
14076,129,1,122.46999999999997,0
16211,88,1,547.02,0
13350,16,2,979.1199999999999,3
16603,74,2,482.47,3
12546,46,2,1161.5,3
14792,63,1,6.2,3
18181,24,1,382.79999999999995,3
15498,2,27,13316.399999999998,3
16701,8,13,5398.300000000001,3
13124,89,3,3866.330000000001,3
14130,319,1,483.85999999999996,0
16378,247,3,362.94999999999993,0
16667,68,2,570.13,3
13636,36,5,949.1200000000001,3
12541,29,3,981.1799999999998,3
15210,225,1,331.18,0
17123,161,1,345.29999999999995,0
15120,133,1,358.8199999999999,0
14305,71,3,1858.96,3
16173,15,6,1418.3200000000002,3
12550,79,1,964.8299999999994,3
16650,71,1,518.4200000000001,3
16432,64,1,287.4,3
14929,32,1,223.88,3
14594,7,2,379.83,3
16996,30,6,1456.96,3
14901,11,9,1421.2899999999997,3
12540,19,17,13400.239999999996,3
17530,1,10,2384.999999999999,3
14739,4,7,3902.28,3
13809,305,1,155.05,0
16692,256,2,1276.0,0
15227,36,5,1219.3999999999999,3
16496,8,3,1599.52,3
14247,278,1,136.77,0
14021,155,3,631.9,0
18189,77,2,1090.2399999999998,3
17738,19,4,1879.0499999999997,3
14700,32,3,2235.3,3
16287,169,1,142.5,0
13663,179,1,189.47,0
16892,1,5,525.54,3
16107,17,7,3204.1600000000003,3
16674,54,2,319.61,3
15287,22,2,486.69000000000005,3
16789,8,1,80.8,3
17406,333,3,2200.4199999999996,0
16814,14,21,6509.099999999998,3
15680,9,3,1333.6799999999998,3
16725,302,7,781.02,0
14057,23,17,6217.960000000001,3
13527,33,7,2287.5099999999998,3
16208,44,2,664.26,3
12625,211,2,2683.8199999999997,0
12831,262,1,215.05,0
12545,75,2,1000.39,3
15087,281,1,306.94,0
16384,89,2,584.5,0
15214,1,8,1661.44,3
14697,218,2,188.61,0
13391,203,1,59.8,0
16050,173,1,137.9,0
15434,8,5,1041.48,3
16108,84,1,842.5,0
16669,23,3,1374.8699999999994,3
15142,46,1,498.74,3
17523,11,4,652.74,3
17022,31,1,71.0,3
13599,1,21,5153.670000000001,3
14748,29,5,1415.75,3
13705,7,3,711.86,3
14878,12,9,1485.54,3
13082,126,9,3613.6299999999997,0
13327,38,8,3627.7700000000004,3
12944,35,2,604.51,3
13656,164,2,379.6500000000001,0
14553,19,5,859.2699999999999,3
12845,267,4,354.09,0
15756,61,4,532.9600000000002,3
12758,116,2,2791.59,0
15665,168,2,2242.0100000000007,0
18013,155,2,187.29000000000005,0
17086,7,6,2050.0800000000004,3
14027,60,1,104.82000000000002,3
16881,66,1,432.0,3
16936,25,1,262.68,3
16528,3,1,244.41,3
13140,108,3,423.71999999999997,0
15160,357,1,158.16000000000003,0
16898,26,3,508.81000000000023,3
13187,337,1,236.01999999999995,0
17616,173,3,571.2,0
12577,35,3,657.8,3
16124,317,1,249.0,0
15448,312,1,494.64000000000004,0
13064,12,4,1119.4899999999998,3
13606,29,3,280.53999999999996,3
13151,295,1,1257.8700000000003,0
16850,333,1,332.40999999999997,0
17133,15,7,4892.240000000002,3
15220,51,6,1778.96,3
17664,18,2,604.6400000000001,3
16852,10,2,144.91000000000003,3
17891,162,1,203.85999999999993,0
13704,5,9,2308.0599999999995,3
14923,50,1,749.0999999999998,3
13102,1,24,6424.09,3
14189,2,15,4654.08,3
16161,1,19,5575.56,3
17912,310,5,311.01000000000005,0
15358,4,22,8347.199999999999,3
17338,17,8,6643.930000000001,3
16059,65,6,1459.8599999999997,3
13569,17,2,373.75,3
13819,301,3,1140.35,0
12728,71,4,836.3299999999999,3
18136,63,3,784.3299999999999,3
17667,66,5,2055.51,3
14981,246,1,102.11999999999998,0
16729,38,21,7239.92,3
17887,129,1,111.35,0
17122,119,1,138.32,0
15396,112,1,288.17999999999995,0
16758,65,1,369.34,3
15158,45,1,401.4000000000001,3
15006,51,1,502.08999999999975,3
17432,18,2,365.76,3
17232,2,2,421.52000000000004,3
16710,19,10,2483.0400000000004,3
13173,4,2,353.65,3
15107,311,6,319.5,0
12942,131,3,683.8999999999999,0
13011,372,1,50.550000000000004,0
14127,122,3,709.71,0
17686,7,7,5739.46,3
13396,29,2,1360.9899999999998,3
16709,84,5,3029.8700000000003,3
17758,19,8,3456.7000000000007,3
13525,14,2,628.78,3
12690,205,1,389.00999999999993,0
16239,56,2,414.2,3
16430,57,1,300.85,3
15821,44,2,570.96,3
15597,35,1,324.57,3
14971,35,3,1116.5699999999997,3
15269,23,1,408.8,3
13715,281,5,1079.3400000000001,0
17090,4,7,2043.95,3
16233,71,3,536.68,3
16567,194,2,865.5999999999999,0
14238,326,1,146.85,0
14341,45,8,2182.2799999999997,3
12637,67,8,6021.899999999998,3
13462,252,1,151.5,0
16639,31,3,1257.5099999999998,3
14206,239,1,328.1599999999999,0
17047,85,3,1100.8999999999999,3
15143,225,1,259.45,0
15541,114,1,85.13000000000002,0
14566,110,1,1432.0,0
15762,65,2,583.75,3
15300,64,1,496.4399999999999,3
15185,70,1,310.62000000000006,3
14661,26,1,107.95,3
14424,17,1,322.08,3
14083,4,9,1018.4300000000001,3
12415,24,21,124914.53000000003,2
16163,232,2,856.6000000000001,0
17552,60,4,930.4100000000001,3
14443,53,4,1420.1999999999998,3
14506,17,5,2012.17,3
17604,217,2,309.36,0
14530,25,6,2925.9099999999994,3
13709,3,13,6328.049999999999,3
18202,199,3,1396.9899999999998,0
14631,50,3,1006.98,3
15910,0,8,1232.1800000000003,3
17867,30,6,1197.1000000000001,3
16426,2,10,1908.2500000000002,3
17096,15,4,1022.1299999999999,3
15201,87,5,1236.5400000000004,3
15140,52,7,2354.2500000000005,3
18120,214,1,111.14999999999999,0
17252,116,2,353.8599999999999,0
13062,191,1,346.98,0
14116,19,5,1382.7400000000002,3
13889,92,1,416.9,0
13759,33,2,659.41,3
14362,22,1,161.20000000000002,3
17450,8,46,194550.78999999992,1
12383,184,5,1850.56,0
15392,4,4,1535.5299999999997,3
14866,10,12,14389.9,3
12645,33,4,1775.1799999999998,3
14442,204,2,1589.8200000000002,0
17139,15,12,10668.470000000003,3
13014,10,10,3466.28,3
15669,40,4,684.3399999999999,3
13479,200,2,300.95000000000005,0
17015,28,3,1842.56,3
17405,1,3,1031.41,3
13189,18,2,260.68,3
15099,84,1,410.48,0
16376,8,2,987.0100000000004,3
13090,8,14,8910.82,3
12915,148,2,363.65,0
15021,8,9,1914.82,3
12818,261,1,1542.08,0
13561,215,1,141.86,0
13723,217,1,199.85000000000002,0
14651,67,2,654.5999999999999,3
14503,3,6,3543.26,3
13546,12,3,626.99,3
15623,141,1,301.03,0
13218,127,1,62.64,0
16557,24,2,281.85,3
18200,106,1,163.8,0
13947,65,1,90.6,3
17832,49,1,155.3700000000001,3
16903,29,1,373.24,3
16931,5,21,4604.219999999999,3
15880,369,1,343.28,0
12779,37,8,3981.3599999999997,3
17696,38,8,2285.71,3
13750,53,5,1647.2600000000002,3
14761,58,2,255.89999999999998,3
12433,0,7,13375.870000000003,3
14653,1,7,1947.55,3
15373,8,12,2415.9100000000003,3
16350,21,4,1116.4699999999998,3
15709,283,1,133.25,0
13956,5,5,1026.42,3
15030,71,2,518.28,3
12434,84,2,806.1399999999999,3
14227,26,10,3350.96,3
16517,277,1,162.70000000000005,0
18273,2,3,204.0,3
13934,263,1,922.0999999999997,0
14859,12,4,1353.7399999999998,3
15561,11,4,800.59,3
17061,73,11,5232.23,3
16498,161,2,100.97000000000001,0
13159,8,4,1437.85,3
15475,77,1,454.10999999999984,3
13978,14,2,196.79,3
15298,2,12,4799.9,3
16727,364,1,272.81999999999994,0
14243,8,10,2588.7700000000004,3
16656,22,15,8625.8,3
16938,8,4,2736.380000000002,3
13626,252,1,257.22999999999996,0
17409,184,2,771.8500000000001,0
15381,213,2,596.85,0
16778,74,2,245.94,3
16072,288,1,584.3199999999999,0
15095,103,4,1370.6,0
14623,32,5,889.25,3
16275,196,1,559.8699999999999,0
12689,25,2,1247.6100000000004,3
15488,92,1,91.32000000000001,0
16542,53,1,119.62,3
15714,11,2,330.88,3
17614,57,1,390.0699999999999,3
18042,53,1,165.04999999999998,3
15054,12,2,302.0999999999999,3
13366,50,1,56.160000000000004,3
12890,24,1,380.46999999999997,3
12508,26,2,398.27,3
14821,366,1,48.800000000000004,0
14201,60,7,747.4399999999999,3
18106,329,1,430.6999999999999,0
16403,312,1,177.5,0
14233,49,4,1462.72,3
15407,33,4,1056.4399999999998,3
16427,263,2,241.06,0
15521,40,8,3000.2000000000007,3
17719,37,15,5396.040000000001,3
17749,178,2,674.52,0
12596,51,2,618.27,3
12710,96,3,1149.0200000000004,0
17670,227,1,205.7,0
18146,140,2,160.35000000000002,0
17797,22,3,780.4300000000002,3
12624,106,2,641.13,0
12450,156,2,197.88,0
17960,171,1,73.78,0
15261,135,1,254.82000000000002,0
12628,4,3,786.46,3
18019,51,1,38.45,3
14629,4,2,959.0099999999995,3
13298,1,1,360.0,3
18066,75,1,318.0,3
13941,21,5,5112.960000000001,3
15048,65,4,384.05000000000007,3
15845,17,8,3711.77,3
12928,35,5,2062.7,3
16084,299,1,436.17999999999995,0
13475,191,4,1431.7799999999997,0
15249,31,13,6688.46,3
13121,269,1,283.7299999999999,0
13632,24,5,2121.27,3
14844,63,4,3189.8100000000004,3
18242,72,4,2232.49,3
17893,225,1,112.25000000000004,0
13505,72,4,4393.63,3
15212,241,1,101.79999999999998,0
13885,189,2,506.80000000000007,0
12802,186,1,427.5799999999999,0
12790,192,1,324.9200000000001,0
16742,46,1,464.9,3
13853,57,1,1090.14,3
17857,4,23,26879.04,3
17343,355,1,193.63999999999996,0
15661,317,2,309.79999999999995,0
15366,75,2,602.5100000000001,3
15606,61,9,2920.16,3
13451,26,5,2976.1500000000005,3
13590,11,6,1981.9199999999996,3
16245,23,3,1413.66,3
14012,277,1,328.8,0
13741,71,3,668.4300000000001,3
15891,226,1,524.52,0
16302,126,1,233.22,0
17747,112,1,71.4,0
13160,22,1,91.8,3
16210,1,18,21086.3,3
17990,236,3,630.84,0
15512,155,2,121.0,0
16833,1,4,1106.53,3
16493,79,4,1351.6299999999999,3
13208,58,6,1223.9,3
15047,269,1,343.62,0
13731,219,2,610.5899999999999,0
13169,63,2,712.8799999999999,3
14973,107,3,1314.45,0
16644,177,2,833.7799999999997,0
14960,8,2,221.27000000000004,3
15041,170,1,180.35000000000002,0
13925,92,4,678.25,3
12560,5,3,2134.01,3
15707,35,4,945.5799999999999,3
17628,81,1,75.75000000000001,0
17131,5,5,2463.17,3
12430,43,1,256.4,3
14581,16,1,138.6,3
16368,2,2,497.42999999999995,3
13069,0,24,4436.12,3
18229,11,20,7276.900000000001,3
14299,8,9,3965.6199999999994,3
17526,4,4,1195.9,3
14673,3,5,1736.3999999999999,3
15179,18,5,2206.9500000000003,3
14428,7,5,1244.83,3
14438,306,1,131.9,0
15033,4,10,2586.670000000001,3
17175,44,4,1443.69,3
12901,8,28,17654.539999999997,3
17923,282,1,207.50000000000003,0
13863,247,1,305.78000000000003,0
13971,18,8,2758.2599999999998,3
18280,277,1,180.6,0
13080,179,1,58.08,0
16614,182,1,506.18999999999994,0
14259,141,1,120.0,0
15933,21,3,1107.4599999999998,3
16083,100,2,1317.6200000000001,0
13969,7,18,9053.94,3
12963,8,8,1856.6300000000003,3
14701,10,9,2549.37,3
13871,22,13,6403.250000000001,3
12569,2,32,4124.6900000000005,3
16976,267,1,251.51999999999998,0
15554,277,1,217.2,0
17107,33,6,10815.43,3
16398,154,2,1705.8000000000002,0
16325,46,3,594.24,3
14342,21,4,668.56,3
17436,1,2,216.29999999999998,3
14704,11,9,1546.9099999999999,3
13513,126,1,205.09999999999997,0
12716,3,2,1053.4899999999996,3
13602,64,1,428.88999999999993,3
13061,72,1,248.61,3
12783,2,6,2225.91,3
15837,64,1,391.97999999999996,3
16479,10,2,300.83000000000004,3
12660,11,1,245.10000000000002,3
14907,3,7,3501.1000000000004,3
16033,5,20,8816.400000000001,3
14373,358,1,76.55,0
16385,60,3,555.8900000000001,3
13999,10,12,3901.8100000000013,3
16717,23,6,3858.3800000000006,3
18004,362,1,169.46999999999997,0
13799,116,2,688.8599999999999,0
16042,22,5,1197.27,3
13059,249,1,183.4,0
12614,277,1,315.59999999999997,0
16511,21,3,950.26,3
15768,115,3,621.8299999999999,0
13427,19,3,582.6,3
17987,185,1,198.57,0
14050,31,2,746.36,3
12832,32,2,383.03,3
13419,63,1,221.05999999999995,3
14950,19,1,371.2,3
13103,39,1,243.94,3
13756,2,14,5189.5199999999995,3
14388,10,8,3212.84,3
12417,3,9,3649.1,3
12823,74,5,1759.5,3
12997,22,4,1226.8899999999999,3
17063,21,7,1461.1400000000003,3
14754,44,2,638.05,3
16838,197,2,588.8500000000001,0
13883,10,5,2674.4800000000005,3
17765,158,3,371.8800000000001,0
14226,28,5,2232.1899999999996,3
15135,239,1,139.04999999999998,0
12670,10,5,2996.0499999999997,3
16589,71,3,459.23999999999995,3
14306,51,2,2093.3199999999997,3
16268,71,2,667.6499999999999,3
12425,78,1,777.1999999999999,3
16190,40,1,215.08,3
15000,47,1,490.52,3
15153,31,1,329.25,3
17936,5,1,389.8399999999999,3
13758,11,7,3190.55,3
13198,10,6,3401.2400000000002,3
14913,35,4,1227.43,3
13113,0,24,12245.96,3
12829,336,2,293.0,0
18016,32,5,1483.56,3
15192,119,3,1044.32,0
12714,9,5,4708.860000000001,3
15722,35,5,2222.5600000000004,3
12778,19,6,822.23,3
15528,254,1,229.32999999999993,0
14441,0,4,1712.89,3
17763,263,1,15.0,0
13870,2,8,2770.94,3
14304,222,1,383.45000000000005,0
15630,45,2,1186.35,3
17024,45,3,95.85,3
15124,22,2,184.19,3
15306,64,3,1174.35,3
14951,79,1,311.69000000000005,3
17333,85,1,494.24999999999994,0
16101,70,1,1290.7,3
12371,44,2,1887.9600000000003,3
16106,65,1,108.38,3
15553,60,1,437.22999999999985,3
17084,35,2,2949.75,3
12812,44,1,229.63999999999993,3
14121,3,4,2780.1499999999996,3
15168,25,1,106.56,3
16817,2,9,1604.75,3
17456,365,1,249.85999999999999,0
16638,22,10,1680.7199999999998,3
15165,373,1,487.75,0
17816,36,4,36.559999999999995,3
13394,1,8,2520.02,3
17507,261,2,605.5799999999999,0
17714,320,1,153.0,0
15971,17,12,4199.85,3
14133,129,3,605.64,0
16593,50,3,330.03,3
14329,17,7,5014.84,3
14023,7,2,584.07,3
15489,22,3,1134.2799999999997,3
12695,7,4,582.1,3
15737,14,8,1205.12,3
13223,200,2,163.20000000000002,0
15897,194,2,222.04999999999998,0
17370,72,4,446.17999999999995,3
16174,126,3,1009.5500000000001,0
14885,131,1,765.3199999999999,0
13930,57,2,337.3399999999999,3
15035,89,1,252.72999999999996,0
17309,95,1,82.75,0
13979,73,1,869.8700000000001,3
14251,1,5,2879.7000000000007,3
15297,10,3,641.94,3
16079,16,3,1352.0,3
15423,38,1,43.5,3
13638,15,1,122.64000000000001,3
15758,24,1,205.25,3
17914,3,1,336.4299999999999,3
17262,52,5,1253.3600000000001,3
12720,2,25,5781.730000000001,3
15291,25,15,4668.3,3
16812,360,1,479.3500000000001,0
13600,312,1,219.51999999999998,0
13334,82,3,3536.8200000000006,3
15019,266,1,265.9999999999999,0
14633,266,1,344.9000000000001,0
14636,36,2,609.85,3
15389,172,1,500.0,0
15969,2,3,666.1,3
16961,116,1,234.17,0
16759,7,3,789.7900000000001,3
17235,25,2,550.06,3
14185,331,1,197.65,0
15681,25,5,1426.16,3
13708,271,1,296.87999999999994,0
14262,8,8,2618.2299999999996,3
13484,241,1,313.79999999999995,0
17289,31,3,944.41,3
13618,173,1,177.34000000000003,0
15683,117,1,193.75,0
15839,33,3,1048.4900000000002,3
13727,28,2,333.48,3
15657,22,1,30.0,3
15513,33,19,14758.220000000001,3
18226,44,11,5228.05,3
16520,186,3,1046.5699999999997,0
15288,43,5,2306.52,3
13149,14,4,1676.06,3
16730,52,3,743.1099999999999,3
18010,256,1,174.79999999999998,0
16308,37,4,2560.0,3
17115,8,3,837.5000000000002,3
13888,119,2,605.6300000000001,0
13647,9,4,1678.1200000000001,3
15467,9,3,524.8799999999999,3
14212,89,1,1070.48,0
15993,8,7,2797.5699999999983,3
17290,3,2,525.2399999999999,3
14480,11,1,279.05,3
15032,256,3,4959.0999999999985,0
17218,4,10,1960.7199999999998,3
17925,372,1,244.08,0
17802,82,3,1285.0400000000004,3
13502,16,3,292.0,3
16109,218,2,611.8799999999999,0
12707,291,1,603.42,0
14784,26,2,289.99,3
13588,15,9,2478.9500000000003,3
12902,264,1,138.68,0
12394,63,2,1272.48,3
14397,2,19,2612.96,3
14765,29,3,254.10999999999999,3
16066,16,5,1521.8699999999997,3
17553,129,1,1487.6,0
15706,63,4,1060.56,3
12856,7,6,2179.9300000000003,3
12923,64,1,176.97,3
13697,38,1,151.3,3
16412,53,1,151.83,3
15025,33,1,377.01,3
15732,212,2,294.12,0
17449,2,7,2520.8599999999997,3
13929,169,2,842.65,0
13001,4,13,9818.82,3
15065,37,4,3158.13,3
16808,99,2,288.42,0
15847,38,2,389.2699999999999,3
16440,7,5,3640.67,3
14489,207,1,463.38000000000005,0
15734,114,2,1339.4500000000003,0
15412,171,1,190.53000000000003,0
15372,137,1,2007.4,0
17724,71,3,1033.0,3
17633,31,4,1324.8400000000001,3
12397,35,2,2409.8999999999996,3
15608,28,4,1093.68,3
14171,98,1,363.78999999999996,0
12492,63,2,263.21,3
15975,84,1,371.01,0
16337,36,1,151.05,3
12398,45,1,1635.6599999999999,3
13338,157,1,487.02,0
14390,10,9,4652.82,3
17228,15,8,1906.0899999999997,3
16607,17,14,3347.7100000000005,3
15822,3,2,885.47,3
14572,3,7,2832.8399999999997,3
16156,8,9,3122.0400000000004,3
14371,295,1,100.5,0
13171,21,3,468.40999999999997,3
12672,329,1,225.9,0
16620,3,2,178.96,3
13185,267,1,71.4,0
17734,53,3,700.63,3
12684,7,7,2283.63,3
16642,4,2,688.33,3
13937,169,1,158.85,0
17248,120,1,318.65000000000003,0
17514,128,1,208.65,0
14459,155,1,1837.9199999999996,0
12814,101,1,125.92,0
17831,33,1,35.400000000000006,3
17684,43,1,239.41,3
15385,40,1,316.88,3
13986,17,1,320.46000000000004,3
17511,2,31,91062.37999999999,2
14298,8,44,51527.299999999996,2
16583,373,1,233.45000000000002,0
15510,330,1,250.0,0
17364,0,11,4481.18,3
15222,318,1,585.0,0
15122,114,3,1633.78,0
13425,108,3,1624.2099999999996,0
17929,11,4,843.0,3
15121,50,2,457.72,3
13043,273,1,516.4200000000001,0
17856,1,4,1418.0300000000002,3
13631,99,11,3070.42,3
15663,106,1,138.14000000000001,0
15571,11,4,650.4300000000001,3
18126,60,1,206.83000000000007,3
14908,74,1,277.79999999999995,3
15088,21,2,1160.07,3
14412,42,2,770.03,3
17520,53,1,546.8100000000001,3
16848,52,1,281.42,3
15677,49,1,657.23,3
16207,25,1,394.38,3
17835,2,3,350.64,3
12953,9,1,329.84999999999997,3
15773,5,1,635.6800000000001,3
13436,1,1,196.88999999999996,3
17288,9,7,1419.73,3
18179,9,6,1793.17,3
14498,42,5,1957.3200000000002,3
14368,319,1,155.00000000000003,0
13901,72,5,2867.2000000000007,3
14798,52,3,173.74,3
15810,78,4,1391.9799999999998,3
14562,3,18,5074.769999999999,3
16321,72,5,373.65,3
13035,73,2,921.8799999999999,3
13666,60,3,84.65,3
15181,66,3,689.48,3
14446,0,4,1039.58,3
13131,23,3,1073.3,3
12610,22,5,2099.54,3
12497,81,1,1043.1,3
18277,58,1,110.38,3
15886,60,1,181.09,3
18022,35,1,668.1100000000002,3
14485,38,1,165.75000000000003,3
15692,28,1,191.04000000000002,3
18082,25,1,703.3699999999997,3
14569,1,1,227.39,3
18225,3,12,5509.12,3
15945,365,1,181.0,0
14078,101,6,1049.37,3
13253,156,2,1030.4,0
17512,28,10,2924.9899999999993,3
18231,192,5,2083.27,0
16205,30,4,761.3799999999999,3
16659,189,1,39.12,0
17640,86,1,621.6600000000001,0
12454,56,1,3528.34,3
16485,77,1,363.65,3
15994,54,1,427.07000000000005,3
14184,66,1,452.89,3
15699,17,1,309.6499999999999,3
17247,15,1,282.18999999999994,3
13831,16,6,2202.99,3
17659,17,12,2999.4600000000005,3
17356,311,1,178.21999999999997,0
16359,7,9,1750.92,3
14270,331,1,492.6499999999999,0
17601,239,1,116.01,0
17408,163,1,32.65,0
15609,184,1,298.48,0
17110,165,1,163.29999999999998,0
12876,57,2,2218.0200000000004,3
13058,24,3,271.4,3
15136,2,4,1286.7000000000003,3
16468,74,1,74.9,3
18164,37,1,399.65000000000003,3
12784,9,2,574.42,3
13953,7,7,3515.6800000000003,3
12551,357,1,168.0,0
13848,92,3,1255.0,0
13246,18,6,1987.3000000000002,3
14321,10,5,1530.7500000000002,3
13865,58,4,501.55999999999995,3
14175,59,3,3222.3,3
14959,64,4,695.4200000000002,3
13918,49,2,1212.84,3
18263,25,3,1213.16,3
13358,268,1,439.03000000000003,0
16374,66,2,473.02999999999986,3
13196,11,4,1797.7800000000007,3
13079,4,5,220.10000000000002,3
12739,78,2,1013.0400000000001,3
15523,84,1,412.00999999999993,0
15739,66,1,449.12000000000006,3
15492,28,2,659.4599999999999,3
13336,77,1,795.12,3
13816,23,2,571.6700000000001,3
16260,50,1,1035.45,3
12938,25,1,114.14,3
16423,24,1,346.12,3
13790,4,1,348.79999999999995,3
16365,17,9,1540.42,3
13777,0,33,25977.16,3
16551,95,3,922.1200000000001,0
17303,361,1,250.03999999999994,0
18061,21,10,2119.4100000000003,3
14223,92,3,991.1299999999999,0
16152,268,1,1829.04,0
14286,23,3,4628.75,3
17054,28,5,1356.33,3
12844,29,2,325.96000000000004,3
12789,65,1,91.85000000000001,3
13822,5,2,632.0,3
15551,36,1,436.05999999999995,3
17668,1,2,347.75,3
15195,2,1,3861.0,3
12748,0,209,33719.72999999998,2
15805,23,17,5528.479999999999,3
13174,16,3,2817.03,3
13769,2,10,2796.5099999999993,3
13787,75,2,309.04,3
17372,40,8,1342.6800000000003,3
14491,175,2,340.93,0
17540,24,2,578.9,3
16951,134,3,1277.750000000001,0
15052,319,1,215.78,0
14995,38,2,233.23000000000002,3
17134,106,2,424.99999999999994,0
13762,218,1,306.72,0
14920,212,2,977.77,0
12674,38,4,1970.6,3
16708,45,1,656.6300000000001,3
12646,4,2,1346.9699999999998,3
15320,44,1,267.13,3
15335,53,1,173.97000000000003,3
15830,37,1,576.0,3
15867,5,15,3812.64,3
17340,29,11,12353.289999999999,3
17897,172,3,566.6,0
14544,24,2,2024.4500000000003,3
15611,9,13,1591.4500000000003,3
15749,235,3,44534.3,0
14916,70,4,1268.98,3
18270,38,2,283.15,3
14934,81,2,1890.9400000000005,3
16906,81,4,579.77,3
12843,65,8,1702.26,3
14515,17,6,2102.09,3
17651,11,10,3945.0,3
12816,95,2,572.2,0
16555,35,2,285.89,3
15417,85,1,508.8000000000001,0
13866,74,1,145.67,3
16737,53,1,417.59999999999997,3
12847,22,1,871.5399999999998,3
12872,326,2,599.97,0
17188,11,7,2474.23,3
15299,67,7,4507.01,3
16919,156,11,2596.4500000000003,0
17227,18,6,939.3199999999999,3
17368,23,8,1912.67,3
14755,9,11,5010.280000000001,3
14976,57,7,790.8600000000001,3
14609,72,4,601.5600000000001,3
17351,36,3,587.15,3
12811,260,3,514.85,0
15493,32,5,2001.7999999999995,3
17411,12,3,778.94,3
16625,274,1,333.08000000000004,0
16586,248,1,463.95,0
15036,72,3,465.54999999999984,3
14019,46,3,1421.6100000000001,3
15802,142,1,451.42,0
17144,1,2,984.5699999999999,3
15500,8,4,1131.56,3
16451,87,1,266.97,0
17425,19,2,759.1699999999995,3
17480,77,1,511.82,3
14109,72,1,144.2,3
17403,36,1,281.62000000000006,3
13245,50,1,430.5,3
12734,352,1,110.39999999999999,0
16875,67,5,2095.5299999999997,3
15351,12,7,1960.11,3
13984,26,5,920.51,3
15361,361,1,418.9200000000001,0
12764,316,1,1693.8800000000003,0
14224,110,4,1050.12,0
16660,16,4,1267.65,3
17940,49,10,4106.4400000000005,3
17716,22,11,5655.990000000001,3
12669,150,3,2744.03,0
16915,9,6,621.68,3
13572,205,1,1384.25,0
13570,243,1,239.49000000000004,0
12380,21,4,2724.81,3
14029,63,2,467.65999999999997,3
18127,19,3,348.73,3
13877,86,1,117.24000000000001,0
13272,31,2,276.56,3
16830,38,1,325.90999999999997,3
15610,51,1,112.46,3
12557,16,5,11990.96,3
14667,10,25,9241.200000000003,3
13854,8,25,8109.52,3
16182,72,4,6617.65,3
14549,311,1,289.2399999999999,0
13141,84,5,2388.75,3
17537,29,2,897.6200000000003,3
13018,16,28,7277.699999999999,3
12510,142,2,982.57,0
14352,157,4,1078.96,0
14740,197,3,1448.21,0
18056,288,1,363.65,0
13476,178,2,1238.47,0
15552,217,1,90.12,0
13492,136,3,1269.8399999999997,0
12769,238,1,1143.6000000000001,0
12976,211,1,738.6,0
12517,28,5,2502.84,3
13933,109,2,608.79,0
14552,151,1,165.07000000000005,0
17451,1,7,1721.3999999999999,3
16198,75,1,400.681,3
16914,36,1,208.45999999999995,3
13926,23,1,223.85000000000002,3
14953,25,1,289.82,3
17237,11,2,314.69,3
16679,366,1,129.75,0
15708,40,7,3364.2400000000002,3
12753,22,6,21429.39,3
15838,11,19,33643.079999999994,3
17371,17,3,423.89,3
13033,357,1,190.54999999999998,0
17735,2,19,13110.019999999999,3
16112,143,4,195.74,0
13162,122,4,1688.29,0
15932,4,8,2495.8700000000003,3
14595,19,6,1740.6000000000001,3
14114,273,2,386.53000000000003,0
12781,63,2,826.74,3
14886,252,1,364.80000000000007,0
13072,266,1,177.14999999999998,0
17654,277,1,117.54999999999998,0
13548,96,2,682.4099999999999,0
12426,194,1,582.7299999999999,0
13924,1,6,1838.85,3
12618,21,1,177.31,3
14756,15,1,738.9599999999998,3
17181,57,2,239.92,3
13270,366,1,590.0,0
13310,28,3,1132.0300000000002,3
14460,110,3,434.34,0
13184,14,10,1701.29,3
14805,15,4,554.65,3
17311,78,2,1384.85,3
15442,248,1,594.0,0
16256,266,1,752.4300000000002,0
15712,9,5,1072.36,3
12792,256,1,400.54,0
15182,154,2,622.8500000000001,0
18185,249,1,304.25,0
16356,197,3,211.77,0
13962,21,2,169.55,3
15729,212,1,85.0,0
14626,23,4,2791.2699999999995,3
14005,9,5,2874.7200000000003,3
18203,157,1,160.42000000000002,0
15776,133,1,241.62000000000003,0
16978,77,1,344.33,3
18276,43,1,335.8599999999999,3
13522,30,1,125.80000000000001,3
15428,15,1,93.78,3
14093,12,1,442.8499999999999,3
13013,1,13,4810.9400000000005,3
16705,0,20,14034.989999999998,3
15759,218,3,253.04000000000002,0
16409,36,5,2028.8799999999997,3
14502,19,11,2470.669999999999,3
12990,31,3,409.5,3
17442,36,6,2248.56,3
18196,95,2,689.1300000000001,0
15550,4,4,575.63,3
16712,9,11,3645.43,3
16212,19,2,690.3399999999999,3
17426,8,6,5037.259999999999,3
13592,35,4,247.96000000000004,3
17979,35,4,757.71,3
15045,151,2,735.66,0
18287,42,3,1837.28,3
13437,14,7,3408.0600000000004,3
16739,176,1,323.00000000000006,0
17877,170,1,237.61,0
12977,156,1,39.24,0
14400,149,1,574.7,0
17649,138,1,868.49,0
14356,79,2,701.2299999999998,3
15556,24,1,279.77,3
13142,19,1,307.0899999999999,3
17880,364,1,458.91999999999985,0
12681,14,22,13787.540000000003,3
17920,4,17,4204.099999999999,3
16037,269,3,855.0200000000001,0
13747,373,1,79.6,0
16293,21,10,2248.99,3
14176,297,4,576.9,0
16752,372,1,207.5,0
14312,46,6,1611.5900000000001,3
18069,26,5,2036.6700000000003,3
18230,9,7,2810.2000000000003,3
13385,329,1,534.5700000000002,0
14267,162,3,1516.24,0
13294,189,2,873.74,0
13266,11,12,3834.2599999999998,3
14758,144,4,1484.0600000000002,0
17795,179,2,350.39000000000004,0
17597,213,1,2044.3700000000003,0
15341,80,1,2020.52,3
12642,25,3,1013.26,3
12718,71,1,238.25000000000003,3
13503,71,1,216.84999999999997,3
16454,44,2,6.9,3
17354,50,1,1393.06,3
13532,33,1,210.30999999999983,3
18119,367,1,181.11999999999998,0
14560,7,22,2237.77,3
16686,47,7,3062.829999999999,3
13211,10,3,1197.42,3
12455,73,6,2466.8599999999997,3
18138,295,1,152.65,0
16940,52,3,3049.879999999999,3
13950,11,4,745.06,3
18210,1,6,2621.38,3
15437,262,1,200.16000000000003,0
13692,24,3,1488.3200000000006,3
13055,78,3,1214.4099999999999,3
16866,140,3,207.74,0
18281,180,1,80.82,0
17997,74,8,1970.6699999999996,3
18204,71,3,1993.6999999999998,3
13167,18,4,791.33,3
16989,7,6,1133.25,3
14857,59,2,1173.12,3
14772,112,1,139.26,0
15782,9,3,2614.7400000000002,3
13212,19,3,788.0799999999998,3
15678,52,1,352.70000000000005,3
13764,70,3,1521.76,3
17827,5,5,1995.46,3
14849,21,25,7930.54,3
14309,8,9,2352.53,3
15211,60,2,894.4100000000001,3
13593,108,5,2037.08,0
16654,141,4,601.27,0
16546,290,2,787.1500000000001,0
16983,12,7,1931.2500000000002,3
15687,8,9,2993.1,3
16618,31,5,2647.5899999999992,3
15981,24,8,3408.4799999999996,3
15799,75,3,884.1400000000001,3
16841,36,6,1869.82,3
13227,201,1,257.7,0
15016,172,1,170.04,0
17695,131,2,765.3399999999999,0
17490,0,7,2092.32,3
16616,15,2,500.4200000000001,3
14710,14,4,606.1299999999999,3
16248,61,1,152.94,3
12403,49,1,427.7,3
16855,23,2,328.4,3
14218,42,1,169.48000000000002,3
13332,14,1,350.9,3
13448,16,6,3539.37,3
13165,46,2,1021.4799999999999,3
13649,256,2,346.6,0
12668,11,4,3807.15,3
15525,2,3,825.9199999999998,3
12939,64,8,11581.800000000001,3
13410,24,5,1003.06,3
13744,95,2,1156.3600000000001,0
13068,10,2,344.0,3
15951,8,2,708.2199999999998,3
16471,274,1,223.95,0
18142,157,2,1019.52,0
14199,218,1,185.39999999999998,0
16249,52,5,1800.0700000000002,3
15507,171,1,492.35999999999996,0
17349,179,1,110.75,0
17298,101,2,498.4200000000001,0
17481,3,4,1255.5900000000001,3
12794,53,2,860.4100000000001,3
13352,60,1,397.9800000000001,3
14910,2,4,434.35,3
17590,2,3,1479.2199999999996,3
17387,19,2,784.1100000000001,3
13323,3,5,787.8499999999999,3
17942,7,1,77.50000000000001,3
13846,24,3,865.0600000000002,3
17905,71,4,800.24,3
17306,10,19,8631.31,3
17348,14,5,1159.5200000000002,3
17050,96,6,3228.8399999999997,3
17256,107,2,240.0,0
16135,262,1,517.5499999999998,0
16225,44,5,1096.3200000000002,3
15754,51,3,458.56999999999994,3
12458,71,2,947.4000000000001,3
15675,81,3,323.69,3
14820,21,4,507.29,3
12657,11,4,1643.1799999999998,3
13673,18,2,396.91999999999996,3
16482,15,1,220.61999999999998,3
15545,54,2,292.72,3
12501,336,1,2169.3899999999994,0
18176,358,1,476.34999999999997,0
13534,2,25,5870.080000000001,3
17194,273,2,262.62,0
15641,105,4,1887.2,0
13209,30,8,5891.61,3
12427,21,3,825.8000000000002,3
12721,31,6,2656.13,3
16556,66,7,3313.7899999999995,3
13421,40,2,1851.08,3
17418,42,2,463.46000000000004,3
13263,1,35,7454.070000000001,3
13309,7,5,1456.79,3
17921,64,4,826.5199999999998,3
12623,276,1,305.1,0
17644,1,11,2895.64,3
16877,12,6,853.72,3
14868,3,8,2953.5899999999997,3
15625,103,4,1534.2600000000002,0
17234,182,1,149.89,0
16276,176,1,810.6000000000001,0
15872,14,2,360.9299999999999,3
17030,63,1,146.87,3
12483,17,8,2484.9800000000005,3
14081,302,2,934.5199999999998,0
13402,127,2,621.23,0
14215,11,6,1789.7200000000003,3
16456,99,5,2158.37,3
17612,53,6,2048.45,3
17376,70,2,203.2,3
18017,81,3,523.0,3
18095,312,2,580.05,0
13002,318,1,120.94999999999999,0
17082,33,2,2003.85,3
14745,112,5,1220.26,0
14924,245,1,310.05,0
14957,253,1,58.49000000000001,0
15109,245,1,484.95,0
14421,57,2,813.1099999999999,3
17217,234,1,113.5,0
16193,236,1,314.45,0
16342,75,4,322.40999999999997,3
12930,78,2,415.8,3
14301,117,1,640.14,0
16836,39,2,251.87,3
16330,17,3,251.91,3
17037,87,1,1267.3199999999997,0
15450,30,1,429.84,3
16535,5,1,593.75,3
16782,10,13,2279.9000000000005,3
17975,15,13,4488.8099999999995,3
13506,316,2,458.52,0
17581,0,25,11045.04,3
14639,52,6,2984.49,3
18233,325,1,440.0,0
17422,16,6,1979.37,3
16897,299,2,289.7800000000001,0
13815,22,4,4027.3600000000006,3
14727,274,1,268.58,0
14840,267,1,62.85,0
13376,99,3,1019.76,0
14731,47,3,380.02,3
15251,9,11,10484.990000000002,3
14277,15,3,4216.200000000002,3
14288,213,1,426.6,0
17828,22,4,1820.0900000000001,3
16484,173,2,404.29999999999995,0
13849,51,2,1537.9499999999998,3
12405,148,1,1710.3900000000006,0
17229,96,2,318.76,0
14002,134,2,529.73,0
12685,28,6,2863.08,3
13411,107,1,213.55000000000004,0
13434,74,2,534.2400000000001,3
12851,96,1,135.17999999999995,0
16157,15,3,656.69,3
13006,56,1,81.57,3
13176,46,1,492.8400000000001,3
18154,3,2,399.19,3
14664,19,2,637.8900000000001,3
16945,21,19,4345.5,3
14142,373,1,311.81000000000006,0
14256,260,2,969.06,0
12643,128,6,3344.6400000000003,0
17212,253,1,226.85,0
14962,270,1,126.70000000000002,0
12514,267,1,1017.6800000000002,0
14046,284,1,154.98999999999998,0
15134,14,8,1387.9900000000002,3
13989,65,2,1266.08,3
18135,29,5,681.9100000000001,3
14795,166,1,131.45,0
16448,198,1,188.89,0
14816,197,1,271.85,0
17360,17,3,585.79,3
12883,24,4,703.47,3
13325,81,1,675.3,3
13359,63,1,439.55999999999995,3
14966,14,1,191.3199999999999,3
17460,94,6,622.4300000000001,3
14047,8,5,1308.6100000000001,3
17838,26,5,2779.2999999999997,3
14577,12,4,859.7099999999999,3
12683,4,15,8476.57,3
17858,5,12,5155.66,3
14487,26,6,1196.3300000000002,3
13495,7,5,2044.8700000000001,3
15281,58,9,2332.15,3
12594,37,10,3338.2200000000003,3
17472,191,3,710.29,0
16110,45,3,1337.48,3
16768,47,3,478.09000000000003,3
17102,261,1,25.5,0
14340,218,1,134.7,0
15804,0,13,4206.389999999999,3
15411,26,4,1358.8799999999999,3
15863,25,2,68.84,3
16447,135,1,259.0099999999998,0
12752,81,1,4366.779999999999,3
17498,75,1,272.21999999999997,3
14138,1,2,982.3800000000002,3
12588,39,1,214.9,3
13278,40,1,542.73,3
12647,22,12,3722.82,3
16086,59,5,1121.39,3
12484,32,6,4541.72,3
16422,17,51,34684.4,2
16003,29,5,2735.370000000001,3
16955,184,4,518.67,0
15605,36,5,1198.23,3
14696,4,7,2078.9500000000003,3
12507,134,3,1304.81,0
16757,318,1,106.83,0
13725,49,8,1980.5599999999997,3
14346,120,2,1021.5800000000002,0
17002,85,3,1493.7300000000002,3
17416,29,7,6893.420000000002,3
12878,236,2,854.99,0
13658,9,5,2639.17,3
15813,207,2,1303.91,0
14178,8,7,1620.9299999999998,3
13075,129,1,919.61,0
13032,52,2,1010.18,3
12740,63,1,427.5999999999999,3
16281,72,1,2062.06,3
16982,60,1,384.06,3
12952,5,4,1387.79,3
15988,19,1,158.03000000000003,3
14087,2,1,194.42,3
16988,5,1,126.12,3
14946,14,1,100.9,3
14985,198,2,296.74999999999994,0
13138,22,6,962.3900000000001,3
16873,4,6,7123.620000000001,3
17707,185,2,152.4,0
17454,192,4,517.53,0
17954,5,12,2332.7199999999993,3
17676,4,6,1387.6799999999998,3
14576,372,1,35.400000000000006,0
13107,44,4,1531.6200000000001,3
13742,16,12,3131.0199999999995,3
18114,290,1,220.1,0
17569,332,1,344.13999999999993,0
14235,75,5,3144.86,3
17272,42,4,2148.6299999999997,3
14022,225,1,440.0,0
14463,98,3,529.62,0
16581,182,1,105.84,0
13669,50,2,218.54999999999998,3
18251,87,1,4314.719999999999,0
17919,88,1,1304.04,0
15522,32,2,398.84000000000003,3
17846,85,1,2033.1,0
16380,61,1,1780.5900000000001,3
14179,40,2,719.7799999999997,3
12658,18,1,686.0500000000001,3
12920,17,1,164.23000000000002,3
14893,9,2,1237.8500000000004,3
15139,239,2,178.96000000000004,0
12826,2,7,1474.7199999999998,3
16658,368,1,123.24,0
12726,28,7,2609.1000000000004,3
16186,22,12,4006.94,3
12528,9,6,1933.4799999999998,3
13538,43,7,1280.85,3
12653,148,2,2209.85,0
16980,255,2,1078.9600000000003,0
15874,63,7,4405.879999999999,3
14232,42,5,2048.0699999999997,3
12886,67,2,1378.4,3
14883,18,6,761.59,3
18236,29,6,882.24,3
14285,21,4,1910.0100000000002,3
17159,21,3,1538.88,3
18262,140,1,149.48,0
18122,8,6,1826.21,3
15568,2,3,758.29,3
14537,57,1,355.5600000000001,3
15787,26,3,948.05,3
14688,7,21,5630.869999999999,3
17315,1,38,6292.26,3
15235,217,12,2247.51,0
17621,21,3,1379.9,3
18155,75,3,371.62,3
14467,17,4,598.76,3
15226,310,1,154.41,0
13837,211,2,271.24,0
13110,31,7,1488.6699999999998,3
14379,44,2,348.09999999999997,3
15589,255,3,478.53,0
13137,10,8,3650.4100000000003,3
16823,227,1,358.37999999999994,0
17169,57,2,835.78,3
18232,81,4,592.97,3
13307,120,1,15.0,0
12833,145,1,417.37999999999994,0
17079,78,1,118.80000000000001,3
12906,11,5,2919.81,3
16177,50,1,331.95,3
16790,3,6,1545.6200000000001,3
13467,10,2,1083.7099999999998,3
17468,10,2,137.0,3
15858,15,5,1438.8500000000004,3
14621,1,5,1788.3599999999997,3
12693,127,4,855.91,0
15864,22,6,1936.3200000000002,3
15316,326,1,165.0,0
12352,36,8,2506.04,3
15869,277,2,149.64,0
16837,31,11,3170.98,3
12866,283,1,559.1199999999999,0
15123,7,2,2199.3099999999995,3
16324,128,3,428.67999999999984,0
12465,17,2,742.19,3
16872,77,3,680.02,3
13395,185,1,307.72,0
13217,122,3,533.98,0
14517,33,2,330.45000000000005,3
15866,101,1,230.52999999999994,0
15978,77,1,1098.7800000000002,3
13519,78,1,122.75,3
15286,49,1,240.55,3
14698,1,5,1250.76,3
15246,238,2,514.15,0
15271,7,15,2507.0699999999993,3
17671,15,4,1572.71,3
16349,290,1,53.5,0
16598,285,1,145.05,0
13373,60,3,3312.250000000001,3
13985,4,15,7060.130000000002,3
16139,18,3,635.4100000000001,3
13867,31,3,1015.29,3
15578,162,1,127.1,0
15256,148,1,98.45,0
14250,7,3,1904.0500000000006,3
14357,43,1,225.77000000000012,3
17646,219,3,1008.3900000000001,0
13089,2,97,58825.83,2
17375,199,3,400.1,0
15555,12,16,4805.169999999999,3
13324,36,10,7121.95,3
12999,196,3,455.87999999999994,0
15917,247,1,123.10000000000001,0
13501,288,1,1340.3199999999997,0
12604,79,2,254.18,3
15424,254,2,383.34000000000003,0
16023,46,3,719.8100000000001,3
16804,23,3,536.99,3
16162,252,1,37.4,0
16188,44,4,981.8599999999999,3
15826,56,3,1654.31,3
15436,12,3,1122.5299999999997,3
15349,158,2,473.8099999999999,0
13617,40,3,544.1800000000001,3
13296,137,1,87.4,0
13147,10,4,712.8000000000001,3
16641,105,1,231.10000000000002,0
13464,58,1,674.6800000000002,3
14073,32,1,151.04,3
16504,25,1,484.37999999999977,3
14902,25,1,332.66,3
16433,28,1,184.26000000000002,3
14911,1,201,143825.0600000001,1
16713,18,15,6923.130000000001,3
12616,95,2,713.3,0
14320,206,2,477.7900000000001,0
17226,308,1,393.48999999999995,0
16570,15,10,3738.4,3
17105,159,2,665.78,0
12361,287,1,189.89999999999998,0
13512,260,1,251.20999999999998,0
14762,263,1,300.52,0
12456,44,3,3181.04,3
17250,3,2,384.52000000000004,3
17733,38,2,692.19,3
16987,3,7,1625.05,3
15791,43,2,1612.6900000000003,3
14000,211,1,635.6600000000001,0
18073,114,12,3877.5200000000004,3
14024,121,2,327.7,0
14511,11,5,1314.81,3
15472,113,1,371.56,0
16093,106,1,17.0,0
18033,65,1,97.97000000000004,3
16361,9,4,896.6600000000001,3
17957,66,1,111.67999999999998,3
16169,8,4,1822.9700000000003,3
13127,77,1,259.16999999999996,3
15748,40,1,149.30999999999995,3
18110,19,1,236.3,3
17791,29,1,106.1,3
15539,7,1,538.46,3
13699,155,1,308.58,0
13021,4,9,2616.3799999999997,3
14258,9,9,12669.98,3
13455,24,2,1058.34,3
12897,204,2,216.5,0
17118,317,1,157.02,0
14738,42,7,1314.45,3
17329,14,2,523.11,3
14162,173,2,289.36,0
17367,238,1,168.4,0
16320,172,2,1038.4600000000003,0
14691,30,5,2114.33,3
13258,11,3,698.58,3
14053,124,2,260.25,0
16763,198,1,611.8500000000001,0
15198,92,2,193.64,0
15690,4,2,239.76,3
13823,18,2,957.66,3
13808,5,5,1747.6599999999999,3
16354,63,2,395.79999999999995,3
17163,21,2,293.1,3
12552,38,2,437.81999999999994,3
15900,23,1,351.1099999999999,3
13560,7,1,174.37000000000003,3
16718,369,1,623.7500000000002,0
13304,351,1,300.4199999999999,0
17284,60,6,1652.5800000000002,3
13491,51,10,1215.8200000000002,3
18239,218,5,1561.6100000000001,0
17951,39,3,1008.5400000000002,3
16950,56,3,1178.56,3
15456,283,3,447.22,0
18172,14,20,7561.680000000001,3
14167,39,4,574.84,3
17117,288,1,116.19999999999997,0
15643,191,3,664.0,0
16121,57,2,867.1099999999999,3
15147,240,1,623.5,0
13990,213,1,311.3,0
15921,172,1,336.03000000000003,0
14456,5,9,3062.3999999999996,3
15205,85,2,653.24,3
15272,57,2,721.9399999999999,3
14529,60,3,620.04,3
18158,9,2,453.4000000000001,3
13587,63,1,712.4,3
13536,1,7,3448.29,3
17761,32,1,712.78,3
14789,28,1,197.64000000000001,3
12377,315,2,1628.1199999999997,0
15279,354,1,290.51,0
15596,100,5,1406.5900000000001,3
14090,324,1,76.32000000000001,0
16619,263,1,226.21,0
12619,16,9,3641.2399999999993,3
14759,4,3,1625.97,3
17642,119,2,712.2900000000001,0
16963,187,1,110.55000000000001,0
16478,25,3,331.00000000000006,3
15836,50,1,137.37,3
12747,2,11,4196.01,3
15899,368,1,56.25,0
15180,367,1,87.5,0
17673,1,6,1629.1200000000001,3
18159,301,1,530.1500000000002,0
12673,5,2,610.52,3
12584,3,9,2338.1499999999996,3
13771,64,4,2634.45,3
13973,287,1,264.7,0
14481,164,2,636.51,0
13005,173,2,513.7,0
17582,236,1,175.27,0
17631,1,3,528.33,3
14819,64,2,272.07,3
16689,75,2,422.59999999999997,3
17317,46,3,2600.34,3
15763,31,2,1086.92,3
16213,78,1,159.0,3
16026,43,1,236.09000000000006,3
15803,51,1,415.82,3
13603,26,1,164.34,3
16241,9,13,2607.8700000000003,3
14729,373,1,313.48999999999995,0
15998,36,5,3089.9700000000003,3
15395,325,1,107.45000000000002,0
12891,185,3,331.0,0
15144,8,17,6580.4400000000005,3
12924,88,4,933.7,3
15990,44,2,792.1100000000001,3
17956,249,1,12.75,0
17854,185,2,311.26,0
15775,245,1,104.9,0
16488,33,3,498.8,3
15315,64,2,570.5,3
17459,43,2,657.3,3
13763,63,1,1714.9599999999998,3
15255,66,1,890.8499999999999,3
12572,8,2,1020.4200000000003,3
15427,33,3,1483.1399999999996,3
12984,18,1,97.5,3
15148,10,1,301.28999999999996,3
18269,366,1,168.6,0
14045,109,4,1659.75,0
17961,21,39,1296.44,3
12967,358,2,1660.9,0
18065,5,14,2392.83,3
14401,4,13,4051.4800000000005,3
16332,28,7,1593.2000000000003,3
17829,298,1,889.24,0
12547,197,2,207.8,0
13382,280,1,222.99,0
15622,43,9,3709.559999999999,3
15225,234,1,409.4000000000001,0
15907,3,3,967.4499999999998,3
16463,21,4,1422.4,3
12412,74,3,1226.88,3
16825,38,2,775.18,3
17962,142,1,102.82999999999998,0
18216,31,1,481.75,3
15318,3,1,312.62,3
15955,24,14,4416.26,3
17841,1,124,40991.57,2
15101,8,2,317.53,3
15502,15,12,10384.930000000004,3
16525,2,26,13027.449999999999,3
14543,28,16,3630.330000000001,3
14161,215,3,1110.52,0
13158,94,4,1201.06,3
12477,22,6,13219.74,3
17849,218,4,605.8000000000001,0
13299,268,1,142.5,0
16672,2,20,8134.940000000001,3
16652,58,7,6773.97,3
17723,127,6,3276.4,0
13972,70,2,190.25000000000003,3
12635,89,2,1689.1799999999994,0
12521,142,1,599.6800000000001,0
16582,113,1,313.61999999999995,0
14965,96,2,598.9999999999999,0
17078,36,2,378.2000000000001,3
17206,53,1,204.24,3
16851,4,3,342.45000000000005,3
13938,35,1,71.66,3
12603,21,1,739.1999999999999,3
15660,25,9,1600.86,3
13280,122,3,814.86,0
14865,7,2,52.2,3
12735,315,2,779.5699999999998,0
18198,4,17,5425.56,3
16045,119,4,1340.7,0
14239,43,11,2380.8500000000004,3
17302,14,5,1135.63,3
13894,23,3,564.62,3
13760,54,2,286.78999999999996,3
15104,196,2,1027.4399999999998,0
15952,33,4,806.5700000000002,3
16832,184,3,199.15,0
14393,218,1,67.94999999999999,0
16184,64,6,1158.79,3
17410,16,5,1214.72,3
18165,177,1,302.46000000000004,0
16344,158,1,101.10000000000001,0
17693,137,1,200.47,0
17557,14,3,541.46,3
15807,50,3,903.8999999999999,3
18005,3,2,249.72,3
13607,40,1,678.0099999999996,3
17125,50,1,259.34999999999997,3
18104,37,1,754.6400000000002,3
12985,0,2,1239.3799999999999,3
16816,103,4,417.06000000000006,0
14741,11,6,1400.3400000000001,3
17491,1,10,3558.87,3
16600,4,6,813.5200000000001,3
17555,19,2,483.26,3
15577,151,3,258.88,0
14632,262,1,114.55999999999999,0
17489,58,2,376.64000000000004,3
18072,185,1,247.44,0
17731,79,4,1240.1100000000001,3
17653,36,4,1207.56,3
13949,2,6,2427.32,3
17004,46,2,1412.9399999999996,3
14869,8,2,725.6999999999999,3
12498,21,3,403.7,3
13639,74,1,1033.3400000000001,3
13259,61,1,292.3199999999999,3
16179,60,1,215.83,3
15612,36,2,195.15,3
14098,36,1,147.34999999999997,3
15883,2,2,396.4799999999999,3
15009,12,3,1261.7799999999997,3
15581,120,13,3679.9700000000003,3
18116,67,8,1418.0299999999997,3
13520,58,6,3624.3500000000004,3
14293,3,4,1046.5599999999997,3
14016,161,4,4341.21,0
14092,7,14,4076.9100000000003,3
16912,28,11,2575.3799999999997,3
12820,3,4,942.34,3
13862,18,8,2209.3599999999997,3
13144,332,1,110.94999999999999,0
12908,176,2,750.0,0
15067,78,3,1744.7599999999998,3
14790,16,4,745.06,3
17516,15,5,768.0800000000002,3
15624,116,4,588.13,0
13555,73,4,4149.28,3
14622,184,1,320.58,0
16160,65,2,1025.4400000000003,3
18261,43,2,324.24,3
13566,40,2,874.7099999999999,3
16347,11,2,887.6500000000001,3
15986,30,1,168.12,3
17038,30,1,112.40000000000003,3
13828,22,1,209.49000000000004,3
12386,337,2,401.90000000000003,0
16519,25,2,215.08,3
14221,42,9,3432.8,3
16222,318,1,846.7200000000007,0
17994,121,4,678.4899999999999,0
12590,211,2,9864.260000000004,0
14948,23,6,1101.97,3
17697,236,1,338.95000000000005,0
14583,5,5,1052.55,3
16869,22,4,825.42,3
16810,192,1,309.53999999999996,0
14261,50,2,1163.4499999999998,3
16343,16,2,370.48,3
12798,10,3,6977.039999999999,3
15312,75,4,924.8500000000001,3
17412,2,7,1258.06,3
17470,44,5,1125.07,3
16748,17,5,1515.9,3
12372,71,3,1298.04,3
18125,29,4,1142.9899999999998,3
13754,151,2,282.6,0
15303,290,1,574.02,0
12468,187,2,729.54,0
16943,211,3,816.73,0
18151,134,2,653.3499999999999,0
15819,49,4,1905.4499999999998,3
14670,280,2,411.53000000000014,0
16621,51,4,813.48,3
17648,60,4,1797.5,3
13037,138,3,881.0699999999999,0
17770,198,5,1143.2699999999998,0
13573,50,2,294.4,3
12945,288,1,462.95000000000005,0
14149,220,1,446.62000000000006,0
16818,10,11,3349.5699999999997,3
14699,214,1,109.12999999999998,0
15730,65,3,1120.88,3
14323,114,2,605.0600000000001,0
13936,179,1,376.58,0
14963,9,5,1487.8,3
13023,64,2,689.9000000000001,3
14894,85,1,655.7499999999999,0
14652,77,1,114.18000000000002,3
13876,63,1,122.69999999999999,3
15937,64,1,145.35,3
15565,50,2,173.16000000000003,3
15360,39,1,427.92999999999995,3
15601,11,14,6776.56,3
13565,19,2,240.22000000000003,3
14466,29,7,2272.4,3
13576,10,18,6717.34,3
16665,362,1,135.4,0
14692,137,4,591.55,0
17239,312,1,382.50000000000006,0
17064,58,3,859.35,3
16523,1,21,9418.470000000001,3
12524,9,8,4485.72,3
13995,15,5,1393.69,3
12649,107,3,623.51,0
13308,22,3,1385.5100000000002,3
12809,177,1,489.31,0
16149,4,2,280.52000000000004,3
17073,17,4,1446.0899999999997,3
14055,106,1,725.6400000000001,0
15774,68,1,270.8,3
13974,49,1,413.59,3
17010,18,1,195.36,3
16019,46,9,3786.2399999999993,3
14625,196,2,899.63,0
13269,1,15,5346.2300000000005,3
16858,368,1,375.69000000000005,0
15854,4,12,2974.6499999999996,3
14895,7,20,11138.710000000001,3
12490,5,10,5417.930000000001,3
17361,49,3,488.20000000000005,3
16206,54,4,537.0600000000001,3
13932,294,1,307.4,0
16444,46,4,654.6700000000001,3
16229,87,2,1010.5999999999998,0
15258,168,2,623.1600000000001,0
16102,42,3,1842.14,3
18101,11,2,223.64999999999998,3
13130,94,1,64.0,0
13273,113,1,138.97999999999996,0
16181,73,1,305.5400000000001,3
17321,8,2,700.8599999999999,3
16847,43,1,193.44,3
17233,35,1,190.88,3
15592,46,1,388.58,3
18034,21,2,422.87999999999994,3
12855,372,1,38.1,0
13178,26,11,5725.469999999999,3
12599,29,7,1032.58,3
12402,323,1,225.6,0
15421,58,4,950.3600000000001,3
12527,81,3,348.71000000000004,3
17862,323,1,330.9,0
16462,73,3,136.0,3
16807,142,3,1121.59,0
15119,245,1,266.4,0
14875,107,2,1465.3199999999997,0
15289,29,3,939.78,3
17092,50,4,1777.78,3
15376,40,3,1233.3600000000001,3
14655,8,4,1932.2300000000002,3
16474,7,7,1871.5000000000002,3
13277,15,4,258.4,3
15103,31,2,703.36,3
14557,85,1,788.3800000000001,0
16183,67,1,338.7100000000001,3
16563,53,1,1077.7399999999998,3
16594,75,1,181.08999999999997,3
15239,10,2,780.59,3
16345,44,1,575.4100000000001,3
15017,33,1,125.58000000000003,3
17561,19,1,167.61999999999998,3
15965,17,4,845.6399999999999,3
14766,8,6,2473.3700000000003,3
17158,32,3,1266.97,3
14409,71,6,2059.4500000000003,3
14220,247,2,632.4000000000001,0
14449,18,4,907.0999999999998,3
17075,17,4,834.12,3
15090,308,1,381.32000000000005,0
14711,10,11,2868.7999999999997,3
16809,23,5,914.6900000000003,3
15150,17,10,5314.47,3
17051,194,1,247.14,0
17266,2,3,310.64,3
14432,9,6,2255.5099999999998,3
17986,56,1,20.8,3
17839,42,1,338.80000000000007,3
14381,52,1,202.6800000000001,3
13598,47,1,180.1700000000001,3
12522,39,2,192.72,3
13363,17,2,992.5,3
13842,58,9,3385.6200000000003,3
14810,40,11,2087.88,3
15723,364,1,203.1,0
17402,4,13,2633.85,3
16203,58,4,592.9,3
16676,33,4,1592.12,3
15240,44,5,1706.5700000000002,3
15831,58,3,801.7600000000001,3
14850,311,1,325.75,0
13684,285,1,67.23000000000002,0
15445,264,1,113.5,0
13265,53,5,2107.66,3
12949,30,8,4167.219999999999,3
13515,72,4,891.1200000000001,3
14157,19,2,432.8800000000001,3
16227,225,1,314.22,0
17970,211,1,582.5899999999999,0
18220,226,1,305.28000000000003,0
17501,220,2,288.6,0
14009,198,2,695.6099999999999,0
13833,159,1,384.7999999999999,0
16041,30,3,3166.4,3
15494,21,2,1299.2300000000005,3
17973,51,1,337.04,3
16602,36,1,528.0799999999999,3
17977,29,1,288.14,3
16953,30,1,20.8,3
14723,10,6,1158.2999999999997,3
18109,1,26,8052.97,3
12413,66,3,758.1000000000001,3
17611,7,15,3984.2199999999993,3
17917,45,3,341.28,3
16670,16,11,4095.9000000000005,3
13893,297,1,821.1,0
13539,85,3,631.3399999999999,3
15321,70,3,2748.310000000001,3
16030,309,1,331.24000000000007,0
13473,60,2,422.64,3
16392,269,1,221.19000000000005,0
14936,33,8,8137.02,3
15517,233,1,267.03000000000003,0
12733,234,1,383.95,0
16008,23,3,478.78000000000003,3
12732,179,1,236.2600000000001,0
14418,3,3,1937.25,3
15744,77,1,34.8,3
14427,50,2,363.34000000000003,3
16313,3,2,274.15000000000003,3
17344,46,1,160.56999999999994,3
18144,7,12,2888.75,3
17860,368,1,252.79999999999998,0
15694,0,14,6479.4,3
18097,7,6,2697.8,3
12600,28,10,2599.0400000000004,3
14413,362,1,122.7,0
12502,95,5,3723.8700000000003,3
14188,30,6,2054.36,3
12852,294,1,311.54999999999995,0
15644,166,4,812.9999999999999,0
14546,5,5,2578.0899999999997,3
12656,17,5,4051.17,3
13243,203,1,600.07,0
12438,14,2,2906.85,3
13645,120,1,252.1,0
15888,80,1,168.31,3
15193,60,1,499.32,3
16379,4,4,2157.4,3
16956,17,1,308.74,3
13611,89,3,1171.8,3
17287,26,7,1064.11,3
15780,183,3,475.28,0
13183,7,9,3957.7800000000007,3
14229,51,3,1547.1999999999998,3
12754,235,3,3010.74,0
17602,2,6,5102.969999999998,3
17180,56,4,796.03,3
17048,117,3,925.3500000000001,0
16696,135,4,657.9000000000001,0
16063,260,1,335.32000000000005,0
17746,240,1,110.25000000000001,0
13835,25,4,834.5700000000002,3
15402,148,2,626.77,0
16529,190,1,455.25,0
14493,7,5,2383.2400000000002,3
16723,91,2,589.15,0
16017,47,1,211.87999999999994,3
16322,1,2,326.75,3
15275,37,1,615.1399999999999,3
17593,3,5,3927.3399999999992,3
17404,4,15,31906.819999999996,3
14732,8,8,2702.4900000000002,3
17007,50,6,889.93,3
15615,10,23,10399.740000000002,3
13487,57,3,575.4,3
15290,4,18,7943.219999999998,3
15713,143,2,356.70000000000005,0
14829,29,4,697.55,3
18156,12,2,734.9399999999998,3
14769,2,8,10674.749999999998,3
17341,156,3,781.3599999999999,0
16442,1,3,616.79,3
16918,49,6,1068.82,3
16497,49,6,2965.6899999999996,3
16115,9,8,1667.97,3
16405,302,2,167.25,0
14693,264,1,172.9,0
13404,1,2,252.48999999999998,3
15912,178,2,264.62,0
15187,1,16,4777.18,3
13192,95,2,911.94,0
17704,168,2,885.19,0
15705,201,1,143.10000000000002,0
12982,242,1,390.53999999999996,0
14921,30,2,1316.0700000000002,3
16762,19,3,1501.3799999999999,3
13813,39,4,1366.8600000000001,3
17788,73,2,1117.9,3
18192,71,1,957.9699999999999,3
16071,44,1,326.24000000000007,3
15520,1,1,343.49999999999994,3
16013,3,47,37130.6,2
17855,372,1,208.96999999999997,0
16927,115,3,543.05,0
17041,26,3,1081.57,3
16153,49,5,1824.23,3
12451,10,5,9035.519999999999,3
14110,3,12,5683.149999999999,3
15257,283,1,317.15,0
12399,119,4,1108.65,0
15703,264,1,211.5,0
13232,12,7,1357.6,3
17562,14,7,1122.38,3
14593,21,3,617.99,3
16200,4,2,1080.62,3
18180,4,6,1843.75,3
16959,87,1,117.35000000000001,0
12968,112,1,135.95,0
16141,88,1,620.4,0
12448,44,1,449.4500000000001,3
14974,37,1,114.39,3
18045,45,1,189.39999999999995,3
15857,18,1,297.0,3
17301,21,1,197.6300000000001,3
14344,127,8,889.9300000000001,0
15529,22,11,3995.2299999999996,3
17211,26,8,2317.2200000000003,3
16270,353,1,1141.2399999999996,0
13126,4,8,2099.64,3
14049,16,4,5681.72,3
15820,319,1,206.98000000000002,0
13284,330,1,201.19,0
16755,114,3,1496.83,0
14461,148,3,2103.06,0
16209,88,5,2262.62,3
13203,9,4,869.46,3
17142,239,1,579.0,0
12354,232,1,1079.4,0
17527,53,4,939.3699999999999,3
15069,179,1,1109.5300000000007,0
12680,0,4,862.8099999999998,3
16878,84,1,13.3,0
16753,58,1,223.92,3
16751,30,1,1764.7199999999998,3
12756,86,1,112.08000000000001,0
15808,306,4,3734.9700000000007,0
17114,5,8,808.6200000000001,3
16140,65,2,725.18,3
12476,15,11,6816.419999999999,3
17672,50,2,3178.17,3
18188,15,3,2001.0399999999997,3
16144,246,1,175.2,0
13736,5,2,731.8999999999999,3
15449,26,3,974.5199999999998,3
15980,88,3,2398.8600000000006,3
16022,260,1,628.2800000000001,0
13851,95,3,2651.4600000000005,0
15483,161,4,233.81000000000006,0
13735,24,4,2885.2400000000002,3
13642,215,1,354.7999999999999,0
15745,19,4,1094.59,3
14191,1,13,4684.76,3
12701,79,2,797.71,3
12375,10,2,457.50000000000006,3
13276,63,2,590.9300000000001,3
18130,15,3,1059.3899999999999,3
15720,24,1,598.7300000000001,3
12793,334,2,545.48,0
13798,1,57,37153.85000000001,2
16889,194,3,1578.67,0
16250,261,2,389.44,0
13874,358,1,540.45,0
15789,358,1,351.3,0
13161,313,1,112.75,0
12437,1,18,4951.41,3
14194,4,21,11349.520000000002,3
15346,332,1,252.42000000000004,0
12933,24,3,607.53,3
17931,134,2,408.36,0
14447,18,5,1163.23,3
16103,7,6,1429.64,3
12406,22,2,3415.3,3
17299,11,4,669.1099999999999,3
14597,11,2,883.1500000000002,3
14984,19,2,213.27,3
15334,156,3,351.66999999999996,0
17415,79,1,507.8399999999999,3
17844,106,1,51.56,0
15480,116,1,905.5,0
12602,58,1,153.12000000000003,3
15598,53,1,240.68,3
14528,37,1,364.22,3
12912,2,5,1662.3,3
15645,18,1,612.0099999999998,3
14307,88,6,2995.72,3
14479,253,2,316.25,0
17999,37,2,382.05999999999995,3
17446,176,2,120.9,0
15244,65,2,631.57,3
13262,263,1,200.29000000000002,0
13292,38,2,578.94,3
15691,252,1,136.8,0
16623,245,1,129.45,0
13557,28,2,584.06,3
16097,240,1,185.05,0
18048,203,2,172.29000000000002,0
12840,143,4,2726.77,0
13637,52,3,810.4999999999999,3
14265,109,2,530.1800000000001,0
16340,107,1,549.0699999999998,0
14592,35,3,570.46,3
13954,1,2,439.91999999999996,3
17201,53,1,342.63,3
17383,4,1,199.29000000000002,3
13317,66,6,2273.68,3
18055,7,10,6784.1900000000005,3
12785,364,1,311.95,0
13817,29,2,382.98,3
16883,187,2,276.73,0
15569,103,5,1375.7099999999998,0
18032,334,1,73.5,0
13706,302,1,330.78999999999996,0
16466,33,7,1603.46,3
17988,11,7,201.12,3
16997,288,3,702.0,0
12664,8,9,4881.88,3
12516,77,2,1312.06,3
14100,137,1,194.9,0
15573,31,2,607.45,3
16049,40,3,1111.789999999999,3
16164,17,3,822.4800000000001,3
12795,18,1,430.4800000000001,3
12682,3,31,12288.22,3
12971,3,86,11189.909999999996,2
15881,312,5,501.39,0
15356,31,10,2766.5,3
15574,177,4,702.2499999999999,0
16714,218,3,1161.5299999999993,0
12422,95,3,803.56,0
17337,151,4,2027.8700000000006,0
12407,49,5,1708.12,3
13841,252,1,85.0,0
15793,14,3,965.61,3
15976,165,2,430.93999999999994,0
12922,161,1,405.38,0
16744,11,7,1304.7600000000002,3
13420,149,2,159.85,0
17464,158,1,289.96000000000004,0
14712,29,3,917.07,3
14863,29,1,266.76,3
14881,19,1,255.4,3
18006,23,1,444.68,3
15274,4,2,716.5699999999999,3
15860,40,8,977.21,3
16596,15,2,250.15,3
14744,16,7,1099.98,3
18011,373,1,102.79,0
18178,128,4,1590.8100000000002,0
17076,36,3,841.0799999999999,3
17277,227,2,1065.3500000000001,0
12916,138,4,3006.1499999999996,0
16572,127,3,1009.5999999999999,0
15651,36,3,646.3,3
12622,232,1,180.09999999999997,0
12444,21,5,5005.46,3
17391,163,2,508.8,0
17521,29,3,723.2099999999999,3
12991,23,2,503.76,3
14856,36,3,1311.38,3
14015,52,1,917.34,3
17600,17,1,161.67000000000002,3
17538,25,1,98.42000000000002,3
